Mã Khách Hàng,Tên Khách Hàng,SDT,Email,Nhóm Khách Hàng
KH-0001,CÔNG TY TNHH ĐẦU TƯ PHÁT TRIỂN CÔNG NGHỆ BÁCH KHOA,447561385,m5wjfiwb@gmail.com,Tổ chức chính phủ
KH-0002,Công ty CP Phát triển Kỹ thuật và Thương mại Tân Đức,548270279,0uzyv3e9@gmail.com,Khách hàng cá nhân
KH-0003,NGƯỜI MUA KHÔNG LẤY HÓA ĐƠN,484803011,w9oml1no@gmail.com,Ngân hàng
KH-0004,CÔNG TY TNHH PRO ACTIVE GLOBAL VIỆT NAM,318172364,3t7rqdnm@gmail.com,Ngân hàng
KH-0005,Công ty TNHH Công nghệ Ktech,199526157,9qashksb@gmail.com,Doanh nghiệp
KH-0006,NGÂN HÀNG TMCP Á CHÂU,574851771,xbi6spwc@gmail.com,Tổ chức chính phủ
KH-0007,Công ty TNHH Tích Hợp Hệ thống CMC Sài Gòn,127010352,7qd4w3v6@gmail.com,Doanh nghiệp
KH-0008,CN Cty TNHH Máy Tính Nét (TP. Hà Nội),397413415,n3ayxkiq@gmail.com,Ngân hàng
KH-0009,CỬA HÀNG VI TÍNH PHÁT ĐẠT BÌNH DƯƠNG,487329582,m04c8v1c@gmail.com,Doanh nghiệp
KH-0010,CN CTY TNHH KDDI VN TẠI TP. HCM,400972714,d41x7zp7@gmail.com,Khách hàng cá nhân
KH-0011,DNTN VŨ CÁNH,708191261,c0etwy3y@gmail.com,Tổ chức chính phủ
KH-0012,CÔNG TY TNHH NAVIC VÀ KUNSHIN VIỆT NAM,320391742,9glw5utu@gmail.com,Khách hàng cá nhân
KH-0013,CÔNG TY CỔ PHẦN THƯƠNG MẠI VÀ DỊCH VỤ PHÁT TRIỂN CÔNG NGHỆ SÀI GÒN,306552218,blyx6y4e@gmail.com,Khách hàng cá nhân
KH-0014,CTY TNHH SOFTWAREONE VIỆT NAM,525314290,9yz1mtxw@gmail.com,Khách hàng cá nhân
KH-0015,CÔNG TY TNHH THƯƠNG MẠI VÀ XUẤT NHẬP KHẨU AN NAM,199479863,qqv4kucs@gmail.com,Doanh nghiệp
KH-0016,Văn phòng thường trú Taisei Corporation tại Tp HCM,351497049,la66osfz@gmail.com,Doanh nghiệp
KH-0017,CÔNG TY TNHH QUẢNG CÁO VÀ TRUYỀN THÔNG THẾ HỆ MỚI,690080445,ds5hylr4@gmail.com,Tổ chức chính phủ
KH-0018,CÔNG TY TNHH TM DV CÔNG NGHỆ MỘT THÀNH VIÊN PHÚ AN,607008765,9vs9jhow@gmail.com,Ngân hàng
KH-0019,CÔNG TY TNHH DUY NGUYỄN MPS,722672687,of1xb0o2@gmail.com,Ngân hàng
KH-0020,CTY TNHH TRÚC XUÂN,947749761,rt99nhza@gmail.com,Tổ chức chính phủ
KH-0021,CÔNG TY CỔ PHẦN GĂNG VIỆT,507699821,sqesqbns@gmail.com,Doanh nghiệp
KH-0022,Khách lẻ,923980191,34fpcpft@gmail.com,Tổ chức chính phủ
KH-0023,CÔNG TY CỔ PHẦN BỆNH VIỆN MẮT QUỐC TẾ HOÀN MỸ SÀI GÒN,896840046,bq7pxddr@gmail.com,Khách hàng cá nhân
KH-0024,Công Ty TNHH Phần Mềm Kỷ Nguyên Số,89548919,506cuc39@gmail.com,Doanh nghiệp
KH-0025,CÔNG TY TNHH SOLID & SOFT,426348666,is40adwv@gmail.com,Khách hàng cá nhân
KH-0026,CÔNG TY TNHH DGS LOGISTICS,512945295,wq5jg57e@gmail.com,Khách hàng cá nhân
KH-0027,CÔNG TY TNHH GIAO NHẬN KỶ OAI RỒNG CHI NA,849247258,ykfeirvq@gmail.com,Khách hàng cá nhân
KH-0028,CÔNG TY TNHH ALTUS GROUP (VIỆT NAM),325778551,kcswejts@gmail.com,Ngân hàng
KH-0029,CÔNG TY TNHH SHOWA BRAIN NAVI VIỆT NAM,993712230,pqc4a424@gmail.com,Khách hàng cá nhân
KH-0030,Công ty TNHH TM DV Thiết bị số Huy Phát,908972806,uobthsav@gmail.com,Khách hàng cá nhân
KH-0031,Công ty TNHH Winning Access Property Việt Nam,524184485,3eajq2ap@gmail.com,Khách hàng cá nhân
KH-0032,CÔNG TY TNHH MAINETTI (VIỆT NAM),26778756,jv4i3sfc@gmail.com,Tổ chức chính phủ
KH-0033,CÔNG TY TNHH CƠ KHÍ MINH ĐỨC,983783225,sy6pbhyl@gmail.com,Khách hàng cá nhân
KH-0034,CÔNG TY TNHH CBRE (VIỆT NAM),216745869,tk4vt3zc@gmail.com,Khách hàng cá nhân
KH-0035,CÔNG TY TNHH THƯƠNG MẠI TỔNG HỢP LONG SƠN,152428798,bc6lbxca@gmail.com,Ngân hàng
KH-0036,CÔNG TY TNHH TIN HỌC VIỄN THÔNG VINAFORE,368504842,e6kllsek@gmail.com,Doanh nghiệp
KH-0037,CHI NHÁNH CÔNG TY TNHH MỘT THÀNH VIÊN THIẾT BỊ TIN HỌC AN PHÚ,750846522,ezmilyly@gmail.com,Ngân hàng
KH-0038,CÔNG TY TNHH EPSON VIỆT NAM,303974668,6qtf02hd@gmail.com,Khách hàng cá nhân
KH-0039,NGÂN HÀNG THƯƠNG MẠI CỔ PHẦN BẢN VIỆT,15365243,8d31nucs@gmail.com,Ngân hàng
KH-0040,CÔNG TY TNHH KỸ THUẬT VÀ CÔNG NGHỆ MINH ANH,776865056,bgkj42c2@gmail.com,Tổ chức chính phủ
KH-0041,Công ty Luật TNHH GRUENKORN & PARTNER,793113071,nllc4tt7@gmail.com,Doanh nghiệp
KH-0042,CÔNG TY LUẬT TNHH QUỐC TẾ VIỆT NAM (VILAF – HỒNG ĐỨC),803296746,0qlfw4dh@gmail.com,Doanh nghiệp
KH-0043,CÔNG TY  TNHH  TM DV  TRANG THIẾT BỊ Y TẾ TPT MIỀN NAM,526400579,762rwhst@gmail.com,Doanh nghiệp
KH-0044,CÔNG TY TRÁCH NHIỆM HỮU HẠN ORGANO VIỆT NAM,490148021,038vq7oo@gmail.com,Khách hàng cá nhân
KH-0045,CÔNG TY TRÁCH NHIỆM HỮU HẠN  NTT DATA VIỆT NAM,922569940,cz3wpvy9@gmail.com,Doanh nghiệp
KH-0046,CÔNG TY CỔ PHẦN XÂY DỰNG THƯƠNG MẠI VÀ DỊCH VỤ ACT,608561621,5u8bl18z@gmail.com,Tổ chức chính phủ
KH-0047,CÔNG TY TNHH THƯƠNG MẠI DỊCH VỤ TIN HỌC VIỄN THÔNG THỊNH PHÁT,652586575,t3ueedoq@gmail.com,Ngân hàng
KH-0048,CÔNG TY TNHH TƯ VẤN THIẾT KẾ TUỆ QUANG PT,642025474,pjah0dq2@gmail.com,Khách hàng cá nhân
KH-0049,CÔNG TY TNHH WINS SOFT,969396501,f5vi52dz@gmail.com,Doanh nghiệp
KH-0050,CÔNG TY TNHH AMOREPACIFIC VIỆT NAM,349576618,xyzqu2wb@gmail.com,Ngân hàng
KH-0051,CÔNG TY TNHH GIẢI PHÁP TÍCH HỢP HỆ THỐNG H.N.T.C,83264387,ssph13hj@gmail.com,Tổ chức chính phủ
KH-0052,CÔNG TY CỔ PHẦN SAO VIỆT,85795380,qqkdzg7n@gmail.com,Khách hàng cá nhân
KH-0053,CÔNG TY TNHH SẢN XUẤT THƯƠNG MẠI DỊCH VỤ IN CHUYỂN KTK,236398169,6mr9wr97@gmail.com,Ngân hàng
KH-0054,Công Ty TNHH Thương Mại Dịch Vụ ICT Sài Gòn,879784886,a9ptgi9f@gmail.com,Ngân hàng
KH-0055,Công ty TNHH MTV Bluzen Vina,365397775,lqn6u66o@gmail.com,Ngân hàng
KH-0056,Chi nhánh tại TP.HCM Công ty TNHH Hệ thống Thông tin Ngân hàng Tài chính FPT (TP.HN),526441946,z0evzqlz@gmail.com,Tổ chức chính phủ
KH-0057,CÔNG TY TRÁCH NHIỆM HỮU HẠN FM SUPPLY CHAIN VIỆT NAM,814640868,xgrqtin8@gmail.com,Tổ chức chính phủ
KH-0058,CÔNG TY TNHH MONACO HEALTHCARE,960511017,gdcxi90u@gmail.com,Tổ chức chính phủ
KH-0059,Công ty TNHH PMAS,585749699,g4zmup1s@gmail.com,Tổ chức chính phủ
KH-0060,Công ty TNHH MTV Thương mại và Dịch vụ ELITE,815547553,qtb815ne@gmail.com,Ngân hàng
KH-0061,CÔNG TY TNHH THƯƠNG MẠI DỊCH VỤ VI TÍNH SAO MAI,810899640,wigbjr6j@gmail.com,Tổ chức chính phủ
KH-0062,Công Ty TNHH GreyStones Data Systems Việt Nam,856392070,1qa4tyst@gmail.com,Tổ chức chính phủ
KH-0063,Công ty TNHH MTV CK KT Trí Trung,74637830,oyfxe6di@gmail.com,Ngân hàng
KH-0064,LIÊN DANH NK-JIC-PBJ-JTC-TEC-TEDI SOUTH - TRICC,136817796,opsbz4lj@gmail.com,Doanh nghiệp
KH-0065,CÔNG TY TNHH BONFIGLIOLI VIỆT NAM,710623336,au8banj0@gmail.com,Tổ chức chính phủ
KH-0066,CÔNG TY TNHH CÔNG NGHỆ G7,800623748,6k998k3o@gmail.com,Tổ chức chính phủ
KH-0067,Công ty TNHH KAHOKU LIGHTING SOLUTIONS Việt Nam,41626014,ehk3obmn@gmail.com,Tổ chức chính phủ
KH-0068,CÔNG TY TNHH GROOVE TECHNOLOGY VIETNAM,167388923,sumj57yv@gmail.com,Doanh nghiệp
KH-0069,CÔNG TY CỔ PHẦN THƯƠNG MẠI NAM THIÊN Á,7338365,ug1uutpe@gmail.com,Ngân hàng
KH-0070,CÔNG TY TNHH THƯƠNG MẠI NGỌC THIÊN BẢO,681583621,a8ei4e7q@gmail.com,Ngân hàng
KH-0071,CÔNG TY TNHH SANCOH VIỆT NAM,905267304,bpsx22bv@gmail.com,Ngân hàng
KH-0072,Chi nhánh tại TP.Hồ Chí Minh Công ty TNHH Hệ thống thông tin FPT (TP. Hà Nội),999930783,24ycqayy@gmail.com,Doanh nghiệp
KH-0073,Công ty cổ phần Công nghệ trực tuyến Tầm Nhìn Việt,130276386,aq9luhes@gmail.com,Khách hàng cá nhân
KH-0074,Công ty TNHH Khu dân cư LeadGroup,144520330,41l4rnj5@gmail.com,Doanh nghiệp
KH-0075,Công ty TNHH METKRAFT,907804390,r8cj4u6w@gmail.com,Doanh nghiệp
KH-0076,CÔNG TY TNHH MITRA ADIPERKASA VIỆT NAM,763607829,245j6u3w@gmail.com,Ngân hàng
KH-0077,CÔNG TY TNHH DÂY CÁP ĐIỆN TAI SIN (VN),513488373,89h1eyrp@gmail.com,Khách hàng cá nhân
KH-0078,Công ty TNHH Dịch vụ Thắng Lợi,689803648,awt9pncq@gmail.com,Ngân hàng
KH-0079,CÔNG TY TNHH AYTEC VIỆT NAM,362762323,2eid1k8e@gmail.com,Doanh nghiệp
KH-0080,CÔNG TY TNHH THƯƠNG MẠI DỊCH VỤ NOZV VIỆT NAM,446480766,97tjkhle@gmail.com,Doanh nghiệp
KH-0081,CÔNG TY TNHH  SYSONE,710517155,y68ilu8z@gmail.com,Khách hàng cá nhân
KH-0082,CÔNG TY CỔ PHẦN GIẢI PHÁP CÔNG NGHỆ NÉT SỐ,349146869,qmotsklf@gmail.com,Ngân hàng
KH-0083,Công ty TNHH YKK Việt Nam,444257442,w7vuqz9u@gmail.com,Khách hàng cá nhân
KH-0084,CÔNG TY TNHH TỔ HỢP NHẤT VIỆT,65720692,u7jdhted@gmail.com,Khách hàng cá nhân
KH-0085,CÔNG TY TNHH MỘT THÀNH VIÊN SẢN XUẤT THỨC ĂN CHĂN NUÔI BÌNH MINH,974673269,odin1k9l@gmail.com,Doanh nghiệp
KH-0086,CÔNG TY TNHH XÂY DỰNG VÀ KINH DOANH NHÀ ĐIỀN PHÚC THÀNH,22414153,z2mzskjo@gmail.com,Doanh nghiệp
KH-0087,CÔNG TY TNHH THIẾT BỊ ĐO LƯỜNG VÀ ĐIỀU KHIỂN ĐẠI VIỆT,487005389,m7se6tn1@gmail.com,Tổ chức chính phủ
KH-0088,Công ty TNHH Công Nghệ Thông Tin Chân Trời Sáng,735635789,0natwl1n@gmail.com,Ngân hàng
KH-0089,Công ty TNHH MTV K-Tech,128080204,fhkd9sb9@gmail.com,Doanh nghiệp
KH-0090,CÔNG TY TNHH YOUYOUWINGS,906566329,ivz2q13g@gmail.com,Doanh nghiệp
KH-0091,CÔNG TY CP CÔNG NGHỆ TIÊN PHONG,873385801,nrp53de8@gmail.com,Khách hàng cá nhân
KH-0092,Công ty TNHH thương mại và dịch vụ Song Linh,960734912,h9f3z89e@gmail.com,Doanh nghiệp
KH-0093,CTY TNHH CÔNG NGHỆ VÀ PHẦN MỀM NAM Á,876636873,r7qmb2xm@gmail.com,Tổ chức chính phủ
KH-0094,Công ty TNHH Shiseido Việt Nam,276726282,4odk34iy@gmail.com,Khách hàng cá nhân
KH-0095,CÔNG TY CP HỆ THỐNG CÔNG NGHỆ ÁNH LAM,253575450,47djvlwn@gmail.com,Khách hàng cá nhân
KH-0096,CHI NHÁNH CÔNG TY TNHH MTV - TỔNG CÔNG TY PHÁT ĐIỆN 3 - CÔNG TY DỊCH VỤ SỬA CHỮA CÁC NHÀ MÁY ĐIỆN,328055565,f8m468j9@gmail.com,Ngân hàng
KH-0097,Công ty TNHH Đặc Rạng Việt Nam.,605341994,nwrygwoe@gmail.com,Doanh nghiệp
KH-0098,Công ty TNHH Schenker Việt Nam,52293055,9qdz0dj6@gmail.com,Ngân hàng
KH-0099,CÔNG TY TNHH YKK AP FACADE VIỆT NAM,942963692,6jg3fbid@gmail.com,Ngân hàng
KH-0100,CÔNG TY CỔ PHẦN KIẾN TRÚC VÀ THƯƠNG MẠI NSP VIỆT NAM,694627334,2jwy3ofi@gmail.com,Tổ chức chính phủ
KH-0101,Công Ty TNHH Fairfield Việt Nam,908262549,bfysjz4z@gmail.com,Ngân hàng
KH-0102,CÔNG TY CỔ PHẦN THẾ GIỚI SỐ,347736967,qv6heohg@gmail.com,Ngân hàng
KH-0103,Công ty CP Phát triển Điện lực Thăng Long,885178281,y2nkmuw4@gmail.com,Ngân hàng
KH-0104,CÔNG TY TNHH VINA-CPK,56922386,vh14joj5@gmail.com,Tổ chức chính phủ
KH-0105,Công Ty TNHH Jang Won Tech Vina,569442083,aa5013fh@gmail.com,Doanh nghiệp
KH-0106,Công Ty TNHH Thương Mại Dịch Vụ Viết Quang,136196091,w48i5jq4@gmail.com,Ngân hàng
KH-0107,CÔNG TY TNHH TRẦN VIỆT PHÁT,291531292,p7ep86gc@gmail.com,Doanh nghiệp
KH-0108,CÔNG TY CỔ PHẦN TẬP ĐOÀN TRUNG NGUYÊN,152372561,5qq3d0tc@gmail.com,Khách hàng cá nhân
KH-0109,CÔNG TY TNHH MỘT THÀNH VIÊN HIỆP THỊNH,717378206,or1hyvq0@gmail.com,Khách hàng cá nhân
KH-0110,CÔNG TY CỔ PHẦN CÔNG NGHỆ ĐẠI TRẦN GIA,395911118,lzsajxtl@gmail.com,Ngân hàng
KH-0111,Công ty Cổ phần Tiến Bộ Quốc Tế,262793099,5l6cygkw@gmail.com,Tổ chức chính phủ
KH-0112,Công ty TNHH Thương mại Kỹ thuật Tin học Anh Ngọc,972641321,7j8wcz2d@gmail.com,Ngân hàng
KH-0113,CÔNG TY TNHH TIẾP VẬN KINTETSU VIỆT NAM,479183899,kzqfy30x@gmail.com,Tổ chức chính phủ
KH-0114,CÔNG TY TNHH MỘT THÀNH VIÊN KHÁCH SẠN SUNWAY HÀ NỘI,847967985,3nsqwqpr@gmail.com,Doanh nghiệp
KH-0115,Công ty cổ phần Ipos.vn,478532731,4sv7uppl@gmail.com,Khách hàng cá nhân
KH-0116,Văn phòng Đại diện công ty Taisei tại Hà Nội,688140897,7tktjjpi@gmail.com,Tổ chức chính phủ
KH-0117,Công ty Cổ phần Đàug Tư Công nghệ STI,742912734,78s7dexn@gmail.com,Khách hàng cá nhân
KH-0118,CÔNG TY CỔ PHẦN PIN HÀ NỘI,60323218,f106p5km@gmail.com,Ngân hàng
KH-0119,Công ty TNHH Sinh Nam,872037933,9mtuwv03@gmail.com,Doanh nghiệp
KH-0120,Công ty TNHH thương mại kỹ thuật Hải Quang,860694342,067pi5oh@gmail.com,Doanh nghiệp
KH-0121,Công ty TNHH IKO THOMPSON VIỆT NAM,424829383,k3so7512@gmail.com,Doanh nghiệp
KH-0122,Công ty TNHH TotalGaz Việt Nam,926503788,kcw2c754@gmail.com,Tổ chức chính phủ
KH-0123,CÔNG TY TNHH GIẢI PHÁP CÔNG NGHỆ HOÀN HẢO,614784166,k6iy3vtw@gmail.com,Khách hàng cá nhân
KH-0124,Công Ty Cổ Phần Điện Ii,956958877,tabm2z8d@gmail.com,Tổ chức chính phủ
KH-0125,Công Ty Cổ Phần Thương Mại Và Phát Triển Kỹ Thuật Cao Vihoth,861408964,onhghhf7@gmail.com,Khách hàng cá nhân
KH-0126,Công ty TNHH Dịch Vụ Tin Học Rồng Việt,739652269,5xf8lspa@gmail.com,Doanh nghiệp
KH-0127,Công ty cổ phần phân phối và bán lẻ BT,23659727,odqkiwpx@gmail.com,Doanh nghiệp
KH-0128,Công ty Công nghệ thông tin Điện lực miền Bắc.,453373536,cy792oo6@gmail.com,Khách hàng cá nhân
KH-0129,Công Ty TNHH Cpro Việt Nam,218509800,wxj3slhs@gmail.com,Doanh nghiệp
KH-0130,Công ty TNHH Deloitte Việt Nam,185313668,se4ys1qu@gmail.com,Doanh nghiệp
KH-0131,CÔNG TY CỔ PHẦN SONGWOL VINA,234016466,rh31smns@gmail.com,Khách hàng cá nhân
KH-0132,Bảo hiểm xã hội tỉnh Hà Giang,96805829,pj5lzhl0@gmail.com,Ngân hàng
KH-0133,CÔNG TY CỔ PHẦN KIẾN TRÚC ĐỒNG NHÂN,839368765,8owjkc7k@gmail.com,Khách hàng cá nhân
KH-0134,Công ty TNHH Nông Lâm Sản Tiên Phước,776494740,d6gzt27h@gmail.com,Ngân hàng
KH-0135,Công ty TNHH EAGLE ONE ENTERPRISE,515858750,msqj0zvt@gmail.com,Tổ chức chính phủ
KH-0136,Công ty cổ phần SRP,296633808,t4h34dhh@gmail.com,Doanh nghiệp
KH-0137,CÔNG TY TNHH PHÂN PHỐI SYNNEX FPT,22352023,pcckjltp@gmail.com,Khách hàng cá nhân
KH-0138,Công ty TNHH giải pháp công trường xây dựng Doosan Việt Nam,431090640,8zolweag@gmail.com,Tổ chức chính phủ
KH-0139,Công Ty TNHH Xây Dựng Sandstone,367733900,j2jzrqn2@gmail.com,Khách hàng cá nhân
KH-0140,CÔNG TY TNHH DỊCH VỤ TIN HỌC FPT,131748196,0bdmbkza@gmail.com,Tổ chức chính phủ
KH-0141,CÔNG TY CỔ PHẦN TRUNG VIỆT HƯNG,627033817,yyjzvjon@gmail.com,Tổ chức chính phủ
KH-0142,Công ty cổ phần Act Brain Việt Nam,435923674,1it4htnv@gmail.com,Khách hàng cá nhân
KH-0143,CÔNG TY CP VI TÍNH MEKONG,309658513,0bkv1cmk@gmail.com,Ngân hàng
KH-0144,CÔNG TY CỔ PHẦN THƯƠNG MẠI DỊCH VỤ PHÚ SINH KIM,961513432,kyvj4x4g@gmail.com,Doanh nghiệp
KH-0145,NGÂN HÀNG TMCP SÀI GÒN - HÀ NỘI,72488608,zoa3ky0e@gmail.com,Khách hàng cá nhân
KH-0146,LIÊN ĐOÀN BÓNG ĐÁ NAUY,797514223,49wqw97w@gmail.com,Ngân hàng
KH-0147,Công TY TNHH Công nghệ Nettop Việt Nam,43160062,a844tn8e@gmail.com,Tổ chức chính phủ
KH-0148,Công Ty TNHH Sojitz Viet Nam,494402544,ggpzogeo@gmail.com,Ngân hàng
KH-0149,CÔNG TY CỔ PHẦN ZAKKA,692144844,zckno00y@gmail.com,Tổ chức chính phủ
KH-0150,CÔNG TY TNHH THƯƠNG MẠI VÀ PHÁT TRIỂN CÔNG NGHỆ AE VIỆT NAM,591330824,i4wwd7dk@gmail.com,Doanh nghiệp
KH-0151,Công Ty Cổ Phần Style Stone,953932673,mm9yo77a@gmail.com,Khách hàng cá nhân
KH-0152,CÔNG TY CỔ PHẦN THÁI MINH,131706724,q7u91ojk@gmail.com,Doanh nghiệp
KH-0153,Công Ty CP Công Nghệ Kỹ Thuật Số - HiTD,701332686,36q0yo08@gmail.com,Khách hàng cá nhân
KH-0154,CÔNG TY CỔ PHẦN THIẾT BỊ CÔNG NGHIỆP VÀ CHUYỂN GIAO CÔNG NGHỆ VIỆT THẮNG,575590726,49q82n3m@gmail.com,Ngân hàng
KH-0155,Nhà máy sữa đậu nành Việt Nam Vinasoy - Chi nhánh Công ty Cổ phần Đường Quảng Ngãi,302795648,tpxbg6ls@gmail.com,Doanh nghiệp
KH-0156,Công ty TNHH Xây dựng C.A.D,192494611,omqbumxn@gmail.com,Doanh nghiệp
KH-0157,CÔNG TY TNHH YOUNGONE NAM ĐỊNH,270964593,6vzisyyt@gmail.com,Tổ chức chính phủ
KH-0158,Chi Nhánh công ty TNHH Em-Tech Việt Nam tại Nghệ An,947528988,t8qgwpoq@gmail.com,Tổ chức chính phủ
KH-0159,Chi nhánh Công ty TNHH Bơm EBARA Việt Nam tại Hà Nội,719904560,f12d4t3z@gmail.com,Tổ chức chính phủ
KH-0160,CÔNG TY TNHH CÔNG NGHỆ CAO BÁCH KHOA,522683539,wlcuxiwr@gmail.com,Doanh nghiệp
KH-0161,Công Ty TNHH Bao Bì MM Vidon,123031881,8cxhtjlf@gmail.com,Doanh nghiệp
KH-0162,Công Ty TNHH Menkar,722616139,xclco3f8@gmail.com,Khách hàng cá nhân
KH-0163,Công ty TNHH Một Thành Viên Việt Giay,304050788,lhrqeo8c@gmail.com,Doanh nghiệp
KH-0164,TRƯỜNG TIỂU HỌC DÂN LẬP VIỆT MỸ,656054826,i580smhd@gmail.com,Khách hàng cá nhân
KH-0165,TRƯỜNG THCS VIỆT MỸ,432104165,0rrrohal@gmail.com,Tổ chức chính phủ
KH-0166,CÔNG TY TNHH CÔNG NGHỆ 360 VIỆT NAM,566655287,oe04xycp@gmail.com,Ngân hàng
KH-0167,CÔNG TY TNHH MỘT THÀNH VIÊN TÍN PHÁT COMPUTER,889913800,trwm5eye@gmail.com,Tổ chức chính phủ
KH-0168,CÔNG TY CỔ PHẦN GIẢI PHÁP CÔNG NGHỆ THÔNG TIN VIỆT NAM,133219336,qrzod2mj@gmail.com,Ngân hàng
KH-0169,CÔNG TY TNHH THƯƠNG MẠI KẾT NỐI AN TOÀN,308036184,tu2yoql7@gmail.com,Khách hàng cá nhân
KH-0170,Công ty TNHH Pacisoft Việt Nam,1977211,1rrv9wmu@gmail.com,Tổ chức chính phủ
KH-0171,CÔNG TY TNHH MÁY TÍNH ĐỨC AN,996473227,8recvt1s@gmail.com,Ngân hàng
KH-0172,Công ty TNHH Silver Heritage Việt Nam.,305763664,alfijoe5@gmail.com,Doanh nghiệp
KH-0173,CÔNG TY CỔ PHẦN TÍCH HỢP GIẢI PHÁP KST,760581138,gocmuimx@gmail.com,Ngân hàng
KH-0174,CÔNG TY TNHH GIẢI PHÁP AN NINH KẾT NỐI CÔNG NGHỆ CAO,802199627,9mtznncn@gmail.com,Khách hàng cá nhân
KH-0175,CÔNG TY CỔ PHẦN DỊCH VỤ CÔNG NGHỆ TSC VIỆT NAM,795584838,4blkyvg0@gmail.com,Doanh nghiệp
KH-0176,CÔNG TY TNHH KDDI VIỆT NAM,481698900,irqp6l6u@gmail.com,Ngân hàng
KH-0177,CÔNG TY VNPT GLOBAL HK LTD,439426344,sv8og5sn@gmail.com,Khách hàng cá nhân
KH-0178,CÔNG TY TNHH MỘT THÀNH VIÊN XĂNG DẦU BẾN TRE,251807756,8nmg6ylt@gmail.com,Tổ chức chính phủ
KH-0179,CÔNG TY TNHH GIANG KHÁNH VINH,144855566,oe952tsx@gmail.com,Khách hàng cá nhân
KH-0180,Công Ty TNHH Draeger Việt Nam,557965447,q8n7g4ai@gmail.com,Tổ chức chính phủ
KH-0181,Công ty TNHH Thakral One – Chi nhánh tại Hà Nội,975968431,trwd5he4@gmail.com,Khách hàng cá nhân
KH-0182,CÔNG TY TNHH  MỘT THÀNH VIÊN THƯƠNG MẠI VÀ DỊCH VỤ THỊNH PHÁT COMPUTER,379461637,afntc2ou@gmail.com,Tổ chức chính phủ
KH-0183,CÔNG TY CỔ PHẦN TRIHAN,152533048,7fhcdxm0@gmail.com,Doanh nghiệp
KH-0184,Chi nhánh Công ty cổ phần kho vận Jupiter Việt Nam tại Hà Nội,271733239,mkc4vy5k@gmail.com,Ngân hàng
KH-0185,Chi nhánh công ty cổ phần giao nhận hàng hoá JUPITER- PACIFIC tại thành phố Hà Nội,177871544,gzyd69pv@gmail.com,Ngân hàng
KH-0186,CÔNG TY TNHH OVI CABLES (VIỆT NAM),377359401,kl1xi2nz@gmail.com,Doanh nghiệp
KH-0187,CÔNG TY CỔ PHẦN ĐIỆN LỰC KHÁNH HÒA,79456859,y0is73u9@gmail.com,Doanh nghiệp
KH-0188,Công ty TNHH công nghiệp ADCEL Việt Nam,912729339,sjfkrc4u@gmail.com,Tổ chức chính phủ
KH-0189,CÔNG TY CỔ PHẦN DỊCH VỤ BẢO VỆ ALSOK VIỆT NAM,118363120,vwiz2yn2@gmail.com,Tổ chức chính phủ
KH-0190,Công ty TNHH Công nghệ Info Việt Nam,166268878,471qrn3i@gmail.com,Doanh nghiệp
KH-0191,CÔNG TY TNHH VIETTEL - CHT,609343928,qr658eta@gmail.com,Khách hàng cá nhân
KH-0192,HỢP TÁC XÃ MÂY TRE LÁ BA NHẤT,94743853,e3a6bmyg@gmail.com,Tổ chức chính phủ
KH-0193,CÔNG TY TNHH THƯƠNG MẠI QUỐC TẾ TIẾN THÀNH,450721813,loik339y@gmail.com,Khách hàng cá nhân
KH-0194,CÔNG TY TNHH ESOFTFLOW,776114813,ros7oiib@gmail.com,Ngân hàng
KH-0195,CÔNG TY TNHH FUJI SEAL VIỆT NAM,621689043,69ljgk89@gmail.com,Doanh nghiệp
KH-0196,CÔNG TY CP MÁY TÍNH – TRUYỀN THÔNG- ĐIỀU KHIỂN 3C,588302755,w5ys6qf0@gmail.com,Khách hàng cá nhân
KH-0197,CÔNG TY TNHH IMAX,147891051,pdm1x3un@gmail.com,Doanh nghiệp
KH-0198,CÔNG TY TNHH CÔNG TY KHAI THÁC ĐÁ VÔI YABASHI VIỆT NAM,901489860,cy6eke3y@gmail.com,Doanh nghiệp
KH-0199,CÔNG TY CỔ PHẦN REECOM GROUP,290382136,jdt81zy9@gmail.com,Tổ chức chính phủ
KH-0200,CÔNG TY TNHH PHÁT TRIỂN NAM HỘI AN,798668764,t2sn3237@gmail.com,Doanh nghiệp
KH-0201,CÔNG TY TNHH SHIFT ASIA,762246646,mpn5m9r8@gmail.com,Khách hàng cá nhân
KH-0202,Công ty CP Giải pháp Siêu Việt,678802640,l21k4c3s@gmail.com,Doanh nghiệp
KH-0203,Công Ty TNHH ENKEI Việt Nam,562903547,t1dy7tu9@gmail.com,Khách hàng cá nhân
KH-0204,CÔNG TY CỔ PHẦN DFM-ENGINEERING,172010736,iekzp4jd@gmail.com,Tổ chức chính phủ
KH-0205,CÔNG TY TNHH THIẾT BỊ PHỤ TÙNG CÔNG NGHIỆP VIỆT NAM,167099162,tk4bzjkt@gmail.com,Doanh nghiệp
KH-0206,CÔNG TY TNHH THƯƠNG MẠI DỊCH VỤ VÀ DU LỊCH SONG ANH,357592929,7jes765a@gmail.com,Doanh nghiệp
KH-0207,CÔNG TY TNHH CÔNG NGHIỆP FULLWEI VIỆT NAM,499151164,svp98731@gmail.com,Khách hàng cá nhân
KH-0208,CÔNG TY TNHH THIẾT BỊ IN SPM,328327629,48jt03yl@gmail.com,Ngân hàng
KH-0209,VĂN PHÒNG ĐĂNG KÝ ĐẤT ĐAI TỈNH BẮC NINH,908127117,cslferbk@gmail.com,Ngân hàng
KH-0210,CÔNG TY TNHH MẠNG THÔNG TIN PHẲNG,699410649,qkim2jpv@gmail.com,Doanh nghiệp
KH-0211,CÔNG TY TNHH KONDO TEKKO VIỆT NAM,631314770,yiwt5uoe@gmail.com,Doanh nghiệp
KH-0212,CÔNG TY TNHH DONGSUNG VINA,726877112,6lku6q7b@gmail.com,Khách hàng cá nhân
KH-0213,CÔNG TY CỔ PHẦN CÔNG NGHỆ & KHOA HỌC SÔNG HỒNG,784910399,pydhvov2@gmail.com,Khách hàng cá nhân
KH-0214,CÔNG TY CỔ PHẦN ĐẤT HIẾM VIỆT NAM,118722540,5uyk4lti@gmail.com,Ngân hàng
KH-0215,CÔNG TY CỔ PHẦN PHẦN MỀM QUẢN LÝ DOANH NGHIỆP,144574449,tagvwxiw@gmail.com,Tổ chức chính phủ
KH-0216,CÔNG TY TRÁCH NHIỆM HỮU HẠN INOAC VIỆT NAM,2556922,cam4m9sp@gmail.com,Doanh nghiệp
KH-0217,CÔNG TY TNHH THƯƠNG MẠI VÀ DỊCH VỤ DDN,55302883,eg79ii1q@gmail.com,Khách hàng cá nhân
KH-0218,CÔNG TY CỔ PHẦN TƯ VẤN VÀ DỊCH VỤ CÔNG NGHỆ THÔNG TIN KINH DOANH MẠNG LƯỚI CÔNG NGHỆ CAO,741635448,xr6p4pxv@gmail.com,Khách hàng cá nhân
KH-0219,ASPEN RESOURCES PTE LTD,821771600,jjhfqcdc@gmail.com,Tổ chức chính phủ
KH-0220,CÔNG TY TNHH BAO BÌ NEXGEN VIỆT NAM,207531329,c53noisn@gmail.com,Khách hàng cá nhân
KH-0221,CÔNG TY TNHH THƯƠNG MẠI VÀ DỊCH VỤ TIN HỌC KHÁNH PHƯƠNG,961442706,z2gby66n@gmail.com,Khách hàng cá nhân
KH-0222,CÔNG TY CỔ PHẦN I.P.L,980949639,8pp0xmu4@gmail.com,Khách hàng cá nhân
KH-0223,CÔNG TY TNHH THÀNH LỢI,779426114,5yrqg8zi@gmail.com,Ngân hàng
KH-0224,Chi nhánh Công Ty TNHH Mazars Việt Nam Tại Hà Nội,762788622,kz7pad8w@gmail.com,Ngân hàng
KH-0225,CÔNG TY TNHH BƠM EBARA VIỆT NAM,121886172,ozzt2921@gmail.com,Ngân hàng
KH-0226,CÔNG TY TNHH BR24 VIETNAM,121017649,hxy4xwlv@gmail.com,Khách hàng cá nhân
KH-0227,CÔNG TY TNHH CANON MARKETING VIỆT NAM,775234025,hu6sqeqa@gmail.com,Ngân hàng
KH-0228,CÔNG TY CỔ PHẦN DỊCH VỤ HÀNG HÓA NỘI BÀI,622691040,3nkcirai@gmail.com,Khách hàng cá nhân
KH-0229,CÔNG TY CỔ PHẦN VIỄN THÔNG GIANG NAM,25208652,g0abtiv8@gmail.com,Doanh nghiệp
KH-0230,Công ty TNHH Thương mại Dịch vụ Xuất nhập khẩu Khôi Nguyên,726187362,gdcjqx82@gmail.com,Tổ chức chính phủ
KH-0231,CÔNG TY CỔ PHẦN CAO SU SAO VÀNG,38801140,ud8f4m8y@gmail.com,Khách hàng cá nhân
KH-0232,CÔNG TY TNHH MỘT THÀNH VIÊN ESPERSEN VIỆT NAM,643194797,v0zn41tj@gmail.com,Tổ chức chính phủ
KH-0233,CÔNG TY TNHH VIỆT PAN - PACIFIC THANH HÓA,751718394,izypquvp@gmail.com,Khách hàng cá nhân
KH-0234,Công Ty TNHH Umec Việt Nam,725293951,6zq5onn5@gmail.com,Doanh nghiệp
KH-0235,CÔNG TY CỔ PHẦN CÔNG NGHỆ MÁY TÍNH VÀ KIẾN TRÚC HÀ NỘI,115692905,v46cu6ls@gmail.com,Doanh nghiệp
KH-0236,CÔNG TY CỔ PHẦN CÔNG NGHỆ THIÊN VẬN,87142632,5oz9fggl@gmail.com,Doanh nghiệp
KH-0237,CÔNG TY CỔ PHẦN ĐẦU TƯ PHÁT TRIỂN CÔNG NGHỆ ỨNG DỤNG TOÀN CẦU,312945665,tmrq926a@gmail.com,Ngân hàng
KH-0238,CÔNG TY TNHH PHẦN MỀM FPT,645189852,skxuex9v@gmail.com,Khách hàng cá nhân
KH-0239,CỔNG THÔNG TIN ĐIỆN TỬ NGHỆ AN,826914672,8qjo2qhw@gmail.com,Tổ chức chính phủ
KH-0240,Công ty TNHH Extrans Việt Nam,190798491,mrd2e9on@gmail.com,Tổ chức chính phủ
KH-0241,Công ty TNHH May Xuất Nhập Khẩu Đức Thành 3,325647312,fa43rfqx@gmail.com,Khách hàng cá nhân
KH-0242,CÔNG TY CỔ PHẦN HÃNG SƠN ĐÔNG Á,493892253,512570ly@gmail.com,Khách hàng cá nhân
KH-0243,CÔNG TY TNHH CÔNG NGHỆ THÔNG TIN VIỆT SAO,622896193,xtz0jcfz@gmail.com,Ngân hàng
KH-0244,CÔNG TY CỔ PHẦN THƯƠNG MẠI VÀ XUẤT NHẬP KHẨU HSC39,917120957,sbh1u2cu@gmail.com,Doanh nghiệp
KH-0245,CÔNG TY TNHH HONDA TRADING VIỆT NAM,212950923,aaag4oui@gmail.com,Khách hàng cá nhân
KH-0246,CÔNG TY TNHH THƯƠNG MẠI VÀ DỊCH VỤ MITU,17451913,d70vklox@gmail.com,Doanh nghiệp
KH-0247,Công ty CP Dịch vụ Công nghệ Tin học HPT,223641686,qg47a764@gmail.com,Ngân hàng
KH-0248,CÔNG TY CỔ PHẦN DƯỢC PHA NAM,588444620,2idon3v2@gmail.com,Doanh nghiệp
KH-0249,CHI NHÁNH CSP LEGAL LLC TẠI HÀ NỘI,81644222,bmdnpm45@gmail.com,Ngân hàng
KH-0250,CÔNG TY TNHH MỘT THÀNH VIÊN KARCHER,80924651,tqit0jro@gmail.com,Ngân hàng
KH-0251,CÔNG TY TNHH NETMARKS VIỆT NAM,721634109,d92khawp@gmail.com,Doanh nghiệp
KH-0252,CÔNG TY TNHH MOBILE MAPPING VIỆT NAM,33221434,94s5yy6b@gmail.com,Ngân hàng
KH-0253,CÔNG TY TNHH MỘT THÀNH VIÊN THỰC PHẨM PHÚC LỘC THỌ,39786639,v43poqr5@gmail.com,Tổ chức chính phủ
KH-0254,CÔNG TY TNHH LG ELECTRONICS VIỆT NAM HẢI PHÒNG,62150238,ea86vbex@gmail.com,Khách hàng cá nhân
KH-0255,"ACE TECH Co., Ltd",724854109,ga2516wo@gmail.com,Doanh nghiệp
KH-0256,Công Ty Cổ Phần Chăm Sóc Công Nghệ Thông Tin,62482944,0nwqsff4@gmail.com,Ngân hàng
KH-0257,CÔNG TY CỔ PHẦN CÔNG NGHỆ BNH VIỆT NAM,621955731,ve22u8pm@gmail.com,Ngân hàng
KH-0258,CÔNG TY CỔ PHẦN THƯƠNG MẠI QUỐC TẾ HOÀN CẦU,717065691,pb1yu8ik@gmail.com,Khách hàng cá nhân
KH-0259,KRYSTAD CONSULT,351654231,stz41bs8@gmail.com,Tổ chức chính phủ
KH-0260,CÔNG TY TNHH VALQUA VIỆT NAM,299025,h7gp0e58@gmail.com,Tổ chức chính phủ
KH-0261,Cục đăng kiểm Việt Nam,920388123,pen7e368@gmail.com,Khách hàng cá nhân
KH-0262,CÔNG TY CỔ PHẦN CÔNG NGHỆ TÂM HỢP NHẤT,196972351,hgxx9anr@gmail.com,Doanh nghiệp
KH-0263,Công ty TNHH Thịnh Phát Auto,741329759,vfdoh4wx@gmail.com,Doanh nghiệp
KH-0264,NGÂN HÀNG THƯƠNG MẠI CỔ PHẦN VIỆT NAM THỊNH VƯỢNG,604484536,d6y5znlx@gmail.com,Khách hàng cá nhân
KH-0265,CÔNG TY CỔ PHẦN FOODY,590560313,re0t4kh4@gmail.com,Doanh nghiệp
KH-0266,CÔNG TY CỔ PHẦN CÔNG NGHỆ BÌNH MINH,893895508,9duziu7s@gmail.com,Ngân hàng
KH-0267,Khách hàng mua lẻ-Giao hàng thu tiền ngay,569529797,vyj01a77@gmail.com,Tổ chức chính phủ
KH-0268,Công ty TNHH Netika Business Solution Việt Nam,817012185,zntq45hw@gmail.com,Khách hàng cá nhân
KH-0269,Công ty TNHH Quốc tế Delta,530053066,45jogusu@gmail.com,Khách hàng cá nhân
KH-0270,CÔNG TY TNHH GEROC,809072082,e0nuclx5@gmail.com,Doanh nghiệp
KH-0271,CÔNG TY TNHH ĐẦU TƯ PHÁT TRIỂN CÔNG NGHỆ VÀ THƯƠNG MẠI TRÚC VÂN,538924776,nvxofecw@gmail.com,Doanh nghiệp
KH-0272,Công ty Cổ Phần Thiết Bị Máy Tính An Phú Hưng,949535979,rfp6of91@gmail.com,Khách hàng cá nhân
KH-0273,CÔNG TY CỔ PHẦN CÔNG NGHỆ SOTA VIỆT NAM,871455135,06pc29lc@gmail.com,Tổ chức chính phủ
KH-0274,CÔNG TY TRÁCH NHIỆM HỮU HẠN IMG VIỆT NAM,130167750,tiefu89h@gmail.com,Ngân hàng
KH-0275,CÔNG TY CP IN MINH PHƯƠNG,190621300,8ynxwobn@gmail.com,Doanh nghiệp
KH-0276,Công ty TNHH Thương mại dịch vụ Triparest,169940421,exejcguh@gmail.com,Doanh nghiệp
KH-0277,BƯU ĐIỆN TỈNH SƠN LA,988911800,ksm8xxiz@gmail.com,Doanh nghiệp
KH-0278,CÔNG TY CỔ PHẦN TẬP ĐOÀN C.E.O,519378631,15kayr0j@gmail.com,Khách hàng cá nhân
KH-0279,Công Ty TNHH Yoosung KN Việt Nam,244432381,9godazzl@gmail.com,Khách hàng cá nhân
KH-0280,CÔNG TY TNHH DỊCH VỤ THƯƠNG MẠI KHO ĐỎ,352015250,n76qs81n@gmail.com,Khách hàng cá nhân
KH-0281,CÔNG TY TNHH BOTANICAL COSMETIC,96452300,oc2ubczl@gmail.com,Doanh nghiệp
KH-0282,CÔNG TY TNHH SIÊU SIÊU NHỎ,495142169,7ubwude3@gmail.com,Tổ chức chính phủ
KH-0283,CÔNG TY CỔ PHẦN ĐẦU TƯ SMART FUN,330695343,57ygadez@gmail.com,Doanh nghiệp
KH-0284,CÔNG TY TNHH BESTPLANT,789973839,iaae6snm@gmail.com,Ngân hàng
KH-0285,CÔNG TY TNHH THÔNG TIN NTT (VIỆT NAM),509888815,tewmrwte@gmail.com,Doanh nghiệp
KH-0286,CÔNG TY TNHH DAN TI,978826424,qgz0275y@gmail.com,Tổ chức chính phủ
KH-0287,CÔNG TY TNHH NAM&CO LONDON,171180447,gmaxdobb@gmail.com,Ngân hàng
KH-0288,CÔNG TY CỔ PHẦN DỊCH VỤ GIẢI PHÁP CÔNG NGHỆ MẠNG 10,119560109,nqmje9nb@gmail.com,Doanh nghiệp
KH-0289,CÔNG TY TNHH SỮA CHO TƯƠNG LAI,703152454,hj3gkuki@gmail.com,Doanh nghiệp
KH-0290,CÔNG TY CỔ PHẦN ĐIỆN VÀ CHIẾU SÁNG AN PHÚ,286464159,8ejkiiuq@gmail.com,Doanh nghiệp
KH-0291,CHI NHÁNH CÔNG TY TNHH ĐẦU TƯ BẤT ĐỘNG SẢN HÒA BÌNH - KHÁCH SẠN NOVOTEL SUITES HÀ NỘI,353365968,a5q4s0m8@gmail.com,Tổ chức chính phủ
KH-0292,CÔNG TY TNHH CƠ ĐIỆN LẠNH - THƯƠNG MẠI HÒA BÌNH,459516845,1wze8kkr@gmail.com,Ngân hàng
KH-0293,Công ty TNHH Công nghiệp nặng Doosan Việt Nam,848258836,w8fptj6g@gmail.com,Doanh nghiệp
KH-0294,Ngân Hàng Thương Mại Cổ Phần Kỹ Thương Việt Nam,931470562,rxw4gr9k@gmail.com,Doanh nghiệp
KH-0295,Công Ty Cổ Phần Công Nghệ Sao Bắc Đẩu,527097159,4skeawxq@gmail.com,Doanh nghiệp
KH-0296,Chi Nhánh CTy TNHH CARGILL Việt Nam  tại Hưng yên,131564495,wtetd9tz@gmail.com,Ngân hàng
KH-0297,Công ty TNHH Quảng cáo Duy Nguyên,822999831,2qzjhgs3@gmail.com,Doanh nghiệp
KH-0298,Công Ty Cổ Phần Thương Mại Và Công Nghệ Thông Tin Tân Việt,14659869,1drnc94z@gmail.com,Tổ chức chính phủ
KH-0299,CÔNG TY CỔ PHẦN THƯƠNG MẠI VÀ DU LỊCH TẦM NHÌN VIỆT,474504067,lthfsqga@gmail.com,Khách hàng cá nhân
KH-0300,CÔNG TY CỔ PHẦN SẢN XUẤT VÀ THƯƠNG MẠI ĐIỆN BÌNH SƠN,995326138,ia1j3gb2@gmail.com,Tổ chức chính phủ
KH-0301,Công Ty TNHH Một Thành Viên Techcoms,585770473,eewll3tp@gmail.com,Ngân hàng
KH-0302,Công ty Cổ Phần Visco,433704410,o55k2w7v@gmail.com,Ngân hàng
KH-0303,Công ty cổ phần 3B,4127116,bomqweu0@gmail.com,Tổ chức chính phủ
KH-0304,Công Ty Cổ Phần Đầu Tư Xây Dựng Thương Mại Công Nghệ Thăng Long,529965065,8gzn66b8@gmail.com,Khách hàng cá nhân
KH-0305,Phòng Tài Vụ - Viện Quy Hoạch Thủy Lợi,61458333,dwd7gue0@gmail.com,Ngân hàng
KH-0306,TRUNG TÂM PHÁT TRIỂN THƯƠNG MẠI ĐIỆN TỬ,603345880,9rl7cj47@gmail.com,Khách hàng cá nhân
KH-0307,NGÂN HÀNG HỢP TÁC XÃ VIỆT NAM,865541211,yq2eubno@gmail.com,Khách hàng cá nhân
KH-0308,Công ty TNHH Medikit Việt Nam,112277728,2y5w4ky7@gmail.com,Khách hàng cá nhân
KH-0309,Công Ty TNHH Thương Mại Hoàng Phát,567590612,xe5m7br5@gmail.com,Khách hàng cá nhân
KH-0310,Công ty Cổ phần Sản xuất và Dịch vụ Máy tính 3C,31393434,4sjc9ngt@gmail.com,Tổ chức chính phủ
KH-0311,Công ty TNHH Thương mại và xuất nhập khẩu D&C Việt Nam,367101798,vu6bj0u4@gmail.com,Ngân hàng
KH-0312,CÔNG TY CỔ PHẦN CÔNG NGHỆ VÀ TRUYỀN THÔNG TECCOM,382240052,762vemc1@gmail.com,Tổ chức chính phủ
KH-0313,CÔNG TY TNHH QUẢN LÝ XÂY DỰNG VINCOM 1,463537787,t4ca3gd2@gmail.com,Tổ chức chính phủ
KH-0314,Công ty TNHH Đầu tư xây dựng và thương mại Ngãi Cầu,749404037,km0sisf7@gmail.com,Tổ chức chính phủ
KH-0315,Công Ty TNHH thương mại kỹ thuật Thiên Phú,504111991,fxy88qln@gmail.com,Khách hàng cá nhân
KH-0316,CÔNG TY TNHH CÔNG NGHỆ ĐỘT DẬP MOCHIZUKI VIỆT NAM,594082241,vgcmoij3@gmail.com,Ngân hàng
KH-0317,Công ty TNHH Dịch Vụ Số Hợp Quân,783041028,r3vn7q37@gmail.com,Doanh nghiệp
KH-0318,Công ty TNHH Ogishi Việt Nam,947022962,d2l6gd4w@gmail.com,Ngân hàng
KH-0319,CÔNG TY CỔ PHẦN VIỆT NGA,120068743,zibqgg1g@gmail.com,Khách hàng cá nhân
KH-0320,CHI NHÁNH CÔNG TY TNHH TODA VIỆT NAM TẠI HÀ NỘI,792666341,zdv8usk9@gmail.com,Ngân hàng
KH-0321,CÔNG TY TNHH DỊCH VỤ THƯƠNG MẠI TRANG NHI,743229060,6suo5z6t@gmail.com,Doanh nghiệp
KH-0322,CÔNG TY TNHH VIETNAM JINTUO ELECTRONICS,730246016,ttu9sfmo@gmail.com,Doanh nghiệp
KH-0323,CÔNG TY TNHH MTV THƯƠNG MẠI ITCG VIỆT NAM,215054461,lcix5j0q@gmail.com,Doanh nghiệp
KH-0324,Công ty CP Đầu tư và Phát triển Đô thị Việt Hưng,687363394,kjoo0h4j@gmail.com,Doanh nghiệp
KH-0325,CÔNG TY TNHH CÔNG TRÌNH CẤP THOÁT NƯỚC & HẠ TẦNG ĐÔ THỊ M.A.T,436102200,s8tqt302@gmail.com,Khách hàng cá nhân
KH-0326,CÔNG TY TNHH TƯ VẤN MRI,392137427,irplkp7u@gmail.com,Ngân hàng
KH-0327,CÔNG TY TRÁCH NHIỆM HỮU HẠN DIGITAL DAESUNG VIỆT NAM,67071936,7f6bjzjz@gmail.com,Khách hàng cá nhân
KH-0328,CÔNG TY TNHH POWER LOGICS VINA,701138300,mckah6gd@gmail.com,Tổ chức chính phủ
KH-0329,CÔNG TY CỔ PHẦN QUỐC TẾ WORLD STAR,687953358,mdpbj6ib@gmail.com,Ngân hàng
KH-0330,CÔNG TY CỔ PHẦN TẬP ĐOÀN VBCC,676270699,biq6v2ki@gmail.com,Tổ chức chính phủ
KH-0331,CHI NHÁNH MIỀN TRUNG CÔNG TY CỔ PHẦN TU BỔ DI TÍCH TW-VINAREMON,288701321,s45i2glx@gmail.com,Khách hàng cá nhân
KH-0332,CÔNG TY TNHH PIN GP (VIỆT NAM),494508694,whr8wpox@gmail.com,Khách hàng cá nhân
KH-0333,CÔNG TY TNHH THỜI TRANG STAR,727789846,dh40nx8r@gmail.com,Doanh nghiệp
KH-0334,CÔNG TY CỔ PHẦN TƯ VẤN XÂY DỰNG CẢNG - ĐƯỜNG THUỶ,586265818,rjbl5efu@gmail.com,Ngân hàng
KH-0335,CÔNG TY TNHH NISSHO ELECTRONICS VIỆT NAM,253238786,tab86b44@gmail.com,Ngân hàng
KH-0336,CÔNG TY TNHH DỊCH VỤ VÀ THƯƠNG MẠI VIETSUN,990683288,1ldvy2d5@gmail.com,Tổ chức chính phủ
KH-0337,CÔNG TY CỔ PHẦN HỒNG LAM,192339327,7miq8tjd@gmail.com,Doanh nghiệp
KH-0338,CÔNG TY CỔ PHẦN PHÁT TRIỂN NGUỒN NHÂN LỰC THÁI SƠN,607795305,k6i72d4s@gmail.com,Tổ chức chính phủ
KH-0339,CÔNG TY TNHH CÔNG NGHỆ VÀ GIẢI PHÁP THÔNG MINH,501403798,7mjkt3q0@gmail.com,Khách hàng cá nhân
KH-0340,CÔNG TY TNHH KỸ NGHỆ BANICO,511123882,1fcfqvuj@gmail.com,Khách hàng cá nhân
KH-0341,Công Ty Cổ Phần YoTek,760499593,dj5modbb@gmail.com,Ngân hàng
KH-0342,CÔNG TY CỔ PHẦN BÁCH TOÀN,533115634,27lrjrcl@gmail.com,Khách hàng cá nhân
KH-0343,TỔNG CÔNG TY CỔ PHẦN BIA- RƯỢU- NƯỚC GIẢI KHÁT HÀ NỘI,607757470,yjtu4l7i@gmail.com,Tổ chức chính phủ
KH-0344,CÔNG TY CỔ PHẦN TƯ VẤN  QUẢN TRỊ DOANH NGHIỆP TINH VÂN,49675641,gwm8recc@gmail.com,Tổ chức chính phủ
KH-0345,CÔNG TY TNHH HJC VINA,544691952,o811yxvs@gmail.com,Doanh nghiệp
KH-0346,CÔNG TY CP - TẬP ĐOÀN THAIGROUP,146048754,z883urmi@gmail.com,Khách hàng cá nhân
KH-0347,Tổng cục hậu cần - Bộ quốc phòng,387799063,31a3ydp7@gmail.com,Tổ chức chính phủ
KH-0348,CÔNG TY CỔ PHẦN ỨNG DỤNG VÀ PHÁT TRIỂN CÔNG NGHỆ THÔNG TIN,420024970,uwoq3seq@gmail.com,Khách hàng cá nhân
KH-0349,Công Ty TNHH Thiết Bị Tin Học Vinatech,814974621,gitwbiah@gmail.com,Khách hàng cá nhân
KH-0350,BAN PHÁT TRIỂN CỘNG ĐỒNG XÃ VÂN THANH,98764419,6of61zme@gmail.com,Khách hàng cá nhân
KH-0351,CÔNG TY CỔ PHẦN XÂY LẮP VÀ ĐIỆN NƯỚC QUANG MINH,643222751,rukfic26@gmail.com,Ngân hàng
KH-0352,CÔNG TY TNHH THÁI HOA ĐÔ,510394873,o9zkrafw@gmail.com,Doanh nghiệp
KH-0353,CÔNG TY TNHH THƯƠNG MẠI & ĐẦU TƯ CÔNG NGHỆ PHƯỢNG HOÀNG,307720582,qcb5hfbc@gmail.com,Ngân hàng
KH-0354,TRUNG TÂM ĐĂNG KIỂM XE CƠ GIỚI 98-02D-CNHTXĐTXDQL VÀ KT CHỢ HẢI AN TẠI TPBG,857357329,gk87rdz6@gmail.com,Ngân hàng
KH-0355,Công Ty TNHH Một Thành Viên Điện Tử Tin Học MHQ,58490434,lixrfe4e@gmail.com,Khách hàng cá nhân
KH-0356,Công ty Cổ Phần Giải Pháp Tech Vietnam,297043238,xjhwq0bz@gmail.com,Khách hàng cá nhân
KH-0357,CÔNG TY CỔ PHẦN DỊCH VỤ VĂN PHÒNG BẮC HÀ,636132520,dx0s4ved@gmail.com,Ngân hàng
KH-0358,Công ty TNHH KSS Việt Nam,266999455,ouc4393k@gmail.com,Khách hàng cá nhân
KH-0359,CÔNG TY CỔ PHẦN PHÁT TRIỂN DỊCH VỤ AN LỘC,784877906,s1ahqeu1@gmail.com,Ngân hàng
KH-0360,"Hợp tác xã đầu tư, xây dựng, quản lý và khai thác chợ Hải An",945036399,kpxdeglb@gmail.com,Khách hàng cá nhân
KH-0361,CÔNG TY TNHH THƯƠNG MẠI ĐIỆN TỬ BẢO GIANG,135048740,mmohcbbs@gmail.com,Khách hàng cá nhân
KH-0362,VĂN PHÒNG CÔNG CHỨNG NGUYỄN VĂN THU,320150895,o4bjlwpm@gmail.com,Ngân hàng
KH-0363,Công ty TNHH Công Nghệ Phần Mềm TOP Việt Nam,558544631,0g54gaf6@gmail.com,Tổ chức chính phủ
KH-0364,CÔNG TY TNHH HỆ THỐNG MỚI VIỆT NAM,392960836,jo783dmk@gmail.com,Tổ chức chính phủ
KH-0365,CÔNG TY CỔ PHẦN CÔNG NGHỆ VÀ TIN HỌC EST,150536381,q4blh2uu@gmail.com,Ngân hàng
KH-0366,Công ty Cổ Phần Đầu tư và Phát triển nhà Hà Nội số 52,266648687,himuleq5@gmail.com,Khách hàng cá nhân
KH-0367,CÔNG TY TNHH CÔNG NGHỆ VÀ TRUYỀN THÔNG AN MA VIỆT NAM,442015333,e63xgj1v@gmail.com,Ngân hàng
KH-0368,CÔNG TY CỔ PHẦN BELLSYSTEM24-HOASAO,672701963,72s22iog@gmail.com,Ngân hàng
KH-0369,CÔNG TY TNHH THƯƠNG MẠI VÀ ĐẦU TƯ PHÁT TRIỂN CÔNG NGHỆ,636666543,lc9ak20j@gmail.com,Khách hàng cá nhân
KH-0370,VĂN PHÒNG ĐẠI DIỆN NGÂN HÀNG TNHH CTBC TẠI HÀ NỘI,336728728,gcksjqag@gmail.com,Khách hàng cá nhân
KH-0371,CÔNG TY TNHH MAXPORT LIMITED (VIET NAM),76703402,2k3t1liq@gmail.com,Doanh nghiệp
KH-0372,CÔNG TY TNHH CÔNG NGHỆ PHẨM BA ĐÌNH,473290151,487m5s91@gmail.com,Khách hàng cá nhân
KH-0373,CÔNG TY CP THỦY ĐIỆN LEADER NAM TIẾN,57979326,h1pfok2y@gmail.com,Ngân hàng
KH-0374,CÔNG TY CỔ PHẦN A B PHÚ QUỐC,591914150,q1apqvjq@gmail.com,Tổ chức chính phủ
KH-0375,CHI NHÁNH CÔNG TY TNHH TƯ VẤN KỸ THUẬT TIN HỌC VÀ THƯƠNG MẠI VIỆT C.A.D,772269505,s400ugg4@gmail.com,Doanh nghiệp
KH-0376,CÔNG TY CỔ PHẦN BLUESOFTS,418125742,1grhn3zu@gmail.com,Tổ chức chính phủ
KH-0377,CÔNG TY TNHH ĐIỆN GIÓ CHÍNH THẮNG,802583706,3idfgk4s@gmail.com,Doanh nghiệp
KH-0378,CÔNG TY CỔ PHẦN ADVANTECH VIỆT NAM TECHNOLOGY,797683225,1886igar@gmail.com,Ngân hàng
KH-0379,CÔNG TY TNHH CÔNG NGHỆ THÔNG TIN VIỆT NAM SƠN,867502435,18mdz8tg@gmail.com,Khách hàng cá nhân
KH-0380,CÔNG TY CỔ PHẦN KỸ THUẬT CMP,916443003,oatjzw65@gmail.com,Tổ chức chính phủ
KH-0381,CÔNG TY TNHH THIẾT BỊ NỘI THẤT CAO CẤP,494986099,ntwtypsy@gmail.com,Ngân hàng
KH-0382,CÔNG TY TNHH TÍN BẢO LAN,171529988,3py5cenw@gmail.com,Khách hàng cá nhân
KH-0383,CÔNG TY TNNHH KỸ THUẬT BỀN VỮNG VIỆT NAM,782551046,06t0emh0@gmail.com,Tổ chức chính phủ
KH-0384,CÔNG TY CỔ PHẦN CÔNG NGHỆ VÀ DỊCH VỤ MÁY CHỦ MINH CHÂU,817336610,mrpjc12i@gmail.com,Tổ chức chính phủ
KH-0385,CÔNG TY TNHH INSIGHT TECHNOLOGY VIỆT NAM,687785577,da7lxxqb@gmail.com,Doanh nghiệp
KH-0386,CÔNG TY LIÊN DOANH Y HỌC VIỆT - HÀN,631954864,z968gkmx@gmail.com,Khách hàng cá nhân
KH-0387,Công ty TNHH dịch vụ công nghệ phát triển bền vững và quản lý năng lượng,459640268,0pxfknfc@gmail.com,Doanh nghiệp
KH-0388,Công ty cổ phần tư vấn thiết kế điện Long Giang,385647419,tv4nkn6e@gmail.com,Tổ chức chính phủ
KH-0389,CÔNG TY TNHH HỆ THỐNG TRUYỀN TẢI VÀ PHÂN PHỐI TOSHIBA (VIỆT NAM),583273769,iyjk189f@gmail.com,Tổ chức chính phủ
KH-0390,CÔNG TY TRÁCH NHIỆM HỮU HẠN TIẾP VẬN THĂNG LONG,199466807,7v45rmk1@gmail.com,Khách hàng cá nhân
KH-0391,CÔNG TY CỔ PHẦN XÂY DỰNG VÀ ĐẦU TƯ THƯƠNG MẠI HOÀNG HÀ,795164662,o459fg4q@gmail.com,Doanh nghiệp
KH-0392,Học Viện Khoa Học Xã Hội,541335759,22z16js1@gmail.com,Tổ chức chính phủ
KH-0393,CÔNG TY TNHH TƯ VẤN GIẢI PHÁP VÀ ĐÀO TẠO CÔNG NGHỆ THÔNG TIN DIPT,489222214,idnhanuo@gmail.com,Ngân hàng
KH-0394,Chi nhánh công ty cổ phần Logistics Vinalink,367786062,jbjjib3e@gmail.com,Khách hàng cá nhân
KH-0395,Công Ty TNHH Framas HaNoi,67129086,uwci9y9o@gmail.com,Doanh nghiệp
KH-0396,CÔNG TY TNHH FRAMGIA VIỆT NAM,94220078,glbtnxd7@gmail.com,Tổ chức chính phủ
KH-0397,TRUNG TÂM TIN HỌC- BỘ KHOA HỌC CÔNG NGHỆ,926731428,o3uc4hoy@gmail.com,Khách hàng cá nhân
KH-0398,CÔNG TY TNHH CÔNG NGHỆ PHẦN MỀM SAO VIỆT,776897781,ot9ggz1v@gmail.com,Doanh nghiệp
KH-0399,Công Ty TNHH Sao Đỏ Việt Nam,874491422,cejlx8n4@gmail.com,Doanh nghiệp
KH-0400,CÔNG TY CỔ PHẦN THƯƠNG MẠI MÁY CHỦ HÀ NỘI,15873847,ols2i2hw@gmail.com,Ngân hàng
KH-0401,Công ty TNHH Fujitsu Việt Nam,185639682,gmvwfxct@gmail.com,Khách hàng cá nhân
KH-0402,CÔNG TY TNHH PHẦN MỀM CHẤT LƯỢNG,126314638,qb8qqzlz@gmail.com,Tổ chức chính phủ
KH-0403,TRUNG TÂM HẠ TẦNG THÔNG TIN TỈNH PHÚC,138958860,dmq9yytz@gmail.com,Tổ chức chính phủ
KH-0404,CÔNG TY CỔ PHẦN TÍCH HỢP HỆ THỐNG THÔNG TIN 3CSI,524570520,7htwfq8g@gmail.com,Doanh nghiệp
KH-0405,CÔNG TY CỔ PHẦN HYUNDAI THÀNH CÔNG VIỆT NAM,870334379,ng38dtpe@gmail.com,Khách hàng cá nhân
KH-0406,CHI NHÁNH - CÔNG TY TNHH MỘT THÀNH VIÊN VIỄN THÔNG QUỐC TẾ FPT,803634036,xdmmmll3@gmail.com,Tổ chức chính phủ
KH-0407,CÔNG TY CỔ PHẦN CÔNG NGHỆ THÔNG TIN NAM Á,98834198,t78x2bnw@gmail.com,Khách hàng cá nhân
KH-0408,CÔNG TY CỔ PHẦN CÔNG NGHỆ THƯƠNG MẠI DỊCH VỤ VIETSTARS,880827618,aizff35f@gmail.com,Tổ chức chính phủ
KH-0409,CÔNG TY CỔ PHẦN TƯ VẤN VÀ ĐẦU TƯ XÂY DỰNG THÁI NGUYÊN,377812962,shwlpjja@gmail.com,Tổ chức chính phủ
KH-0410,CÔNG TY TNHH THƯƠNG MẠI DỊCH VỤ VÀ PHÁT TRIỂN CÔNG NGHỆ TOÀN THẮNG,362714583,mu3dhyt4@gmail.com,Ngân hàng
KH-0411,CHI NHÁNH MIỀN BẮC - CÔNG TY CỔ PHẦN HẠ TẦNG VIỄN THÔNG CMC,294206990,x07y5jlo@gmail.com,Tổ chức chính phủ
KH-0412,CÔNG TY CỔ PHẦN CÔNG NGHỆ GIÁO DỤC VÀ TRUYỀN THÔNG VECTECH,82357135,pdwvxfty@gmail.com,Khách hàng cá nhân
KH-0413,CÔNG TY CỔ PHẦN CÔNG NGHỆ BẰNG HỮU,892877266,ueeasqrl@gmail.com,Ngân hàng
KH-0414,CÔNG TY CỔ PHẦN ĐẦU TƯ CAPITAL HOUSE,450389491,gc43tgth@gmail.com,Khách hàng cá nhân
KH-0415,CÔNG TY CỔ PHẦN DỊCH VỤ VÀ CÔNG NGHỆ MIỀN BẮC,81895915,6fr0hlg6@gmail.com,Tổ chức chính phủ
KH-0416,CÔNG TY TNHH THƯƠNG MẠI TÂN AN,894468733,t3vp69b3@gmail.com,Tổ chức chính phủ
KH-0417,CÔNG TY TNHH MEKTEC MANUFACTURING (VIỆT NAM),536093319,2ocibn4k@gmail.com,Ngân hàng
KH-0418,Công ty TNHH Kỹ Nghệ Phúc Anh,123273383,rvw91z16@gmail.com,Ngân hàng
KH-0419,CÔNG TY CỔ PHẦN TECOMEN,365738002,8b19s0mc@gmail.com,Tổ chức chính phủ
KH-0420,CÔNG TY CỔ PHẦN RCEE - NIRAS,714545542,jcbqy0r9@gmail.com,Tổ chức chính phủ
KH-0421,CÔNG TY CỔ PHẦN TMC HÀ NỘI- VIỆT NAM,636585797,1sdoa9af@gmail.com,Doanh nghiệp
KH-0422,Công ty TNHH JGC Việt Nam,334788613,5osfpcw3@gmail.com,Ngân hàng
KH-0423,CÔNG TY TNHH TCG LAND,816574082,wlcl6riu@gmail.com,Tổ chức chính phủ
KH-0424,Công ty Cổ phần Overseas Fashions,27059044,8wjqqf50@gmail.com,Doanh nghiệp
KH-0425,Công ty TNHH Trung tâm Gia công Hà Nội Việt Nam POSCO-VNPC,380368959,umeh7eo9@gmail.com,Ngân hàng
KH-0426,Công Ty TNHH Liên Kết Công Nghệ,694576281,jzyj24cu@gmail.com,Tổ chức chính phủ
KH-0427,Chi Nhánh Công Ty TNHH Comin Việt Nam,456464744,6qjxb6gg@gmail.com,Tổ chức chính phủ
KH-0428,Công Ty TNHH Hệ Thống Công Nghiệp Việt Nam,428237918,117gb7k1@gmail.com,Khách hàng cá nhân
KH-0429,Công ty TNHH Hellobyte,322903883,wfnd9a4c@gmail.com,Khách hàng cá nhân
KH-0430,Công Ty Cổ Phần Thương Mại Kỹ Thuật Tam Thành Phát,384657099,yo0s1o70@gmail.com,Ngân hàng
KH-0431,Văn phòng đại diện New World Fashion Group tại Hồ Chí Minh,143852383,zykam17e@gmail.com,Doanh nghiệp
KH-0432,CÔNG TY CỔ PHẦN ĐẦU TƯ Q&T,924711506,d1r22aid@gmail.com,Khách hàng cá nhân
KH-0433,CÔNG TY TNHH CHUNGHWA TELECOM VIỆT NAM,351562379,2beip0d6@gmail.com,Doanh nghiệp
KH-0434,Công ty TNHH Comin Việt Nam,54531019,o884od4x@gmail.com,Tổ chức chính phủ
KH-0435,Công Ty Cổ Phần Công Nghệ Thông Tin Địa Lý Ek,109705562,zmh3ysez@gmail.com,Ngân hàng
KH-0436,Công Ty Cổ Phần Thức Ăn Chăn Nuôi Thái Dương,907798802,1ga5fs0t@gmail.com,Khách hàng cá nhân
KH-0437,Công ty TNHH Thương Mại Và Công Nghệ Việt,423197553,qkg7fi3k@gmail.com,Doanh nghiệp
KH-0438,Công ty TNHH Dịch vụ Tiện ích Quốc tế OCS,84041664,ggb0agvk@gmail.com,Doanh nghiệp
KH-0439,TRUNG TÂM THỬ NGHIỆM KHÍ THẢI PHƯƠNG TIỆN GIAO THÔNG CƠ GIỚI ĐƯỜNG BỘ,758732670,d5lpryj7@gmail.com,Tổ chức chính phủ
KH-0440,Công Ty TNHH Viễn Thông Và Công Nghệ Cao Thái Sơn,764728502,mpojbyqr@gmail.com,Khách hàng cá nhân
KH-0441,Công ty TNHH thương mại và sản xuất Hoàng Mai,374421329,17vkvja6@gmail.com,Ngân hàng
KH-0442,CÔNG TY CỔ PHẦN THƯƠNG MẠI HỒNG HÀ,824136768,rxeaslwn@gmail.com,Khách hàng cá nhân
KH-0443,TRUNG TÂM THÔNG TIN DỮ LIỆU ĐIỆN TỬ TỈNH THỪA THIÊN HUẾ,950725467,bybdjgrg@gmail.com,Doanh nghiệp
KH-0444,CÔNG TY TNHH DỊCH VỤ CÔNG NGHỆ THÔNG TIN TOÀN CẦU,504563475,7v9od8yf@gmail.com,Khách hàng cá nhân
KH-0445,CÔNG TY TNHH HANSOL ELECTRONICS VIỆT NAM,258311774,m9rt3akz@gmail.com,Ngân hàng
KH-0446,CÔNG TY TNHH NETCAB,673975667,1b9ukh28@gmail.com,Tổ chức chính phủ
KH-0447,CÔNG TY CỔ PHẦN VICOSTONE,795814277,nr625oaj@gmail.com,Tổ chức chính phủ
KH-0448,CÔNG TY TNHH SX-TM HÀNH MỸ,801259551,8rx4qvra@gmail.com,Doanh nghiệp
KH-0449,CÔNG TY TNHH MANPOWER VIỆT NAM,827059858,3gr6sxpy@gmail.com,Tổ chức chính phủ
KH-0450,CHI NHÁNH CÔNG TY LIÊN DOANH TNHH NIPPON EXPRESS (VIỆT NAM) TẠI HÀ NỘI,734778708,hk1c95pn@gmail.com,Ngân hàng
KH-0451,CÔNG TY CỔ PHẦN ĐIỆN TOÁN VIỄN THÔNG VIETTELCO,884652938,bgymdxpa@gmail.com,Khách hàng cá nhân
KH-0452,CÔNG TY CỔ PHẦN KỸ THUẬT SIGMA,40289293,xmxlon5r@gmail.com,Doanh nghiệp
KH-0453,Công ty cổ phần đầu tư và phát triển kỹ thuật năng lượng VEC,196440835,5w4b1d1g@gmail.com,Khách hàng cá nhân
KH-0454,CÔNG TY CỔ PHẦN GIẢI PHÁP CÔNG NGHỆ SAVIS VIỆT NAM,256441663,rwizuof5@gmail.com,Ngân hàng
KH-0455,Công ty cổ phần Vận tải & Dịch vụ Petrolimex Nghệ Tĩnh,198458196,yovzplf6@gmail.com,Doanh nghiệp
KH-0456,Công ty TNHH May Mặc Excel Việt Nam,764410676,3rritor8@gmail.com,Doanh nghiệp
KH-0457,CÔNG TY CỔ PHẦN TẬP ĐOÀN PHƯỢNG HOÀNG XANH A&A,308148821,iw7jf43p@gmail.com,Tổ chức chính phủ
KH-0458,TRƯỜNG QUỐC TẾ ĐA CẤP ANH VIỆT HOÀNG GIA (BVIS ROYAL),933713103,hhfxz325@gmail.com,Doanh nghiệp
KH-0459,CÔNG TY TNHH DU LỊCH MẠO HIỂM XUYÊN Á,265102960,2bxlklwz@gmail.com,Doanh nghiệp
KH-0460,Công ty TNHH Thiết Bị Khoa Học Công Nghệ Mới,47779822,pv34na42@gmail.com,Ngân hàng
KH-0461,Công ty Cổ Phần Máy Tính Nhật Mỹ,38655757,xq3uqr0w@gmail.com,Doanh nghiệp
KH-0462,Dự án phát triển hệ thống thông tin quản lý ngành Lâm nghiệp tại Việt Nam-Giai đoạn 2 (Formis II),128623944,fuw0lckx@gmail.com,Khách hàng cá nhân
KH-0463,Công Ty TNHH Fruit of The Loom Việt Nam,50133464,hwxid4o9@gmail.com,Khách hàng cá nhân
KH-0464,CÔNG TY TNHH TIN HỌC VIỄN THÔNG NHẤT TIẾN CHUNG,418479681,s1g4brh3@gmail.com,Ngân hàng
KH-0465,CÔNG TY CỔ PHẦN PHẦN MỀM THĂNG LONG,944078278,vsrts93b@gmail.com,Tổ chức chính phủ
KH-0466,CÔNG TY TNHH JFD VIỆT NAM,507701869,emyzhxj6@gmail.com,Tổ chức chính phủ
KH-0467,TRUNG TÂM ỨNG DỤNG CÔNG NGHỆ THÔNG TIN XÚC TIẾN THƯƠNG MẠI,895565469,5cq1c99k@gmail.com,Ngân hàng
KH-0468,Công ty TNHH Công nghiệp Oriental Sports Việt Nam,210227677,a5czb96v@gmail.com,Tổ chức chính phủ
KH-0469,Công ty TNHH ACTIVE-SEMI Việt Nam,334219252,acgw2lk5@gmail.com,Khách hàng cá nhân
KH-0470,Công Ty CP Dịch Vụ Công Nghệ Sao Bắc Đẩu,855855217,9gkukq3k@gmail.com,Tổ chức chính phủ
KH-0471,CÔNG TY CỔ PHẦN SSS VIỆT NAM,633494901,ofhl04tj@gmail.com,Ngân hàng
KH-0472,Công Ty TNHH Sự Lựa Chọn Vàng,527966360,njsmr2uf@gmail.com,Ngân hàng
KH-0473,CÔNG TY CỔ PHẦN THƯƠNG MẠI DỊCH VỤ TIN HỌC TÍN THÀNH,737353330,p12z1dmx@gmail.com,Tổ chức chính phủ
KH-0474,Công ty TNHH Yen Of LonDon,62155634,33lkh6r2@gmail.com,Tổ chức chính phủ
KH-0475,Công ty TNHH Sugiko Việt Nam,946302476,78rnt42v@gmail.com,Ngân hàng
KH-0476,CHI NHÁNH CÔNG TY TNHH PHẦN MỀM FPT TẠI ĐÀ NẴNG,527065636,240ik3ij@gmail.com,Khách hàng cá nhân
KH-0477,CÔNG TY CỔ PHẦN GIẢI PHÁP CÔNG NGHỆ FANXIPAN VIỆT NAM,689897283,u4zwphuf@gmail.com,Doanh nghiệp
KH-0478,Chi nhánh công ty TNHH Shoei Việt Nam tại Bắc Ninh,521922494,cycz9hij@gmail.com,Tổ chức chính phủ
KH-0479,Công ty TNHH Terumo Việt Nam,225260699,o7mp5g50@gmail.com,Tổ chức chính phủ
KH-0480,CÔNG TY TNHH CÔNG NGHỆ ẮC QUY HENG LI (VIỆT NAM),428188995,ygcj1391@gmail.com,Tổ chức chính phủ
KH-0481,CÔNG TY TNHH VSIP BẮC NINH,860639529,cen8md7z@gmail.com,Doanh nghiệp
KH-0482,Công Ty Cổ Phần Hà Yến,548129597,5rcmdt88@gmail.com,Tổ chức chính phủ
KH-0483,Công Ty Cổ Phần Trò Chơi Hiker,658513583,130oaxvf@gmail.com,Tổ chức chính phủ
KH-0484,Văn phòng dự án Tổ chức TRAFFIC International tại Việt Nam,580069948,nw0x5iaz@gmail.com,Khách hàng cá nhân
KH-0485,CÔNG TY CỔ PHẦN NHÂN LỰC QUỐC TẾ HRI,239791881,7tq3umhq@gmail.com,Doanh nghiệp
KH-0486,CỤC XÚC TIẾN THƯƠNG MẠI,730812859,yo7579fg@gmail.com,Khách hàng cá nhân
KH-0487,CÔNG TY CỔ PHẦN HANACANS,571741990,j345chz3@gmail.com,Ngân hàng
KH-0488,QES (ASIA - PACIFIC) SDN BHD.,53058785,zfj7h30a@gmail.com,Khách hàng cá nhân
KH-0489,Công Ty TNHH Puretech Việt Nam,645398655,7g8xatwk@gmail.com,Ngân hàng
KH-0490,Công ty TNHH MTV Cao Su Dầu Tiếng,48600681,anf6zery@gmail.com,Khách hàng cá nhân
KH-0491,Công ty TNHH PASONA TECH Việt Nam,617236150,8hqte4ne@gmail.com,Khách hàng cá nhân
KH-0492,Công ty TNHH công nghiệp C.N.T,708843836,fo4hqbq9@gmail.com,Tổ chức chính phủ
KH-0493,Công Ty TNHH Honda Lock Việt Nam,705691590,xdfijk2m@gmail.com,Khách hàng cá nhân
KH-0494,Công ty TNHH Sungnam Knitting Mills,939257345,jgpdzr7c@gmail.com,Doanh nghiệp
KH-0495,CÔNG TY TNHH DAIN LEADERS VIỆT NAM,706498068,zanvssin@gmail.com,Tổ chức chính phủ
KH-0496,CÔNG TY CỔ PHẦN DỊCH VỤ HÀNG KHÔNG SÂN BAY TÂN SƠN NHẤT,329983450,xqif8ogh@gmail.com,Tổ chức chính phủ
KH-0497,Công Ty Cổ Phần Careerbuilder,746887597,9r2x7ua9@gmail.com,Khách hàng cá nhân
KH-0498,"Ngân Hàng Citibank, N.A., Chi Nhánh Thành Phố Hồ Chí Minh",256811806,u5r5p94v@gmail.com,Khách hàng cá nhân
KH-0499,CÔNG TY TNHH ĐIỆN TỬ TIN HỌC IT,502218472,eoynh2b7@gmail.com,Tổ chức chính phủ
KH-0500,CÔNG TY TNHH NHÀ NƯỚC MỘT THÀNH VIÊN KHAI THÁC CÔNG TRÌNH THỦY LỢI PHÚ THỌ,211607110,goz55o1p@gmail.com,Khách hàng cá nhân
KH-0501,Công ty TNHH Vật Tư Khoa Học Kỹ Thuật Đông Dương,764586751,12id2jhc@gmail.com,Tổ chức chính phủ
KH-0502,Công Ty TNHH Thương Mại Dịch Vụ Kỹ Thuật G.P.L,350892314,elsk13jb@gmail.com,Ngân hàng
KH-0503,VĂN PHÒNG TỈNH ỦY LÀO CAI,680698709,lxi44sp9@gmail.com,Tổ chức chính phủ
KH-0504,Công Ty TNHH Công Nghệ Tin Học C.P,757673040,n1xyk255@gmail.com,Tổ chức chính phủ
KH-0505,CÔNG TY TNHH NOZOMI,20971245,96g1pvk0@gmail.com,Ngân hàng
KH-0506,Công ty TNHH Sài Gòn STEC,820099283,7kxdknew@gmail.com,Tổ chức chính phủ
KH-0507,CÔNG TY TNHH NIPPON PAINT VIỆT NAM (HÀ NỘI),525585729,f32n1jpm@gmail.com,Doanh nghiệp
KH-0508,Công ty Cổ phần LICOGI13- Nền móng xây dựng,980019164,zejvz0c0@gmail.com,Doanh nghiệp
KH-0509,CÔNG TY TNHH EM-TECH VIỆT NAM,916092921,3c13qnt6@gmail.com,Ngân hàng
KH-0510,CÔNG TY TNHH MỘT THÀNH VIÊN THƯƠNG MẠI DỊCH VỤ DẦU KHÍ ĐÔNG HƯNG,152735625,ha5cr5q7@gmail.com,Tổ chức chính phủ
KH-0511,CÔNG TY CỔ PHẦN THỰC PHẨM RICHY MIỀN BẮC,332699380,87cyan9v@gmail.com,Tổ chức chính phủ
KH-0512,Công ty TNHH Công nghệ Niềm Tin,563098075,il76hguw@gmail.com,Khách hàng cá nhân
KH-0513,CÔNG TY CỔ PHẦN GIÀY ĐẠI LỘC,598704121,xfy8mad5@gmail.com,Ngân hàng
KH-0514,CÔNG TY TNHH HITACHI PLANT TECHNOLOGIES ( VIỆT NAM),98044212,nyaqnsby@gmail.com,Ngân hàng
KH-0515,CÔNG TY CỔ PHẦN TƯ VẤN ĐẦU TƯ VÀ DỊCH VỤ NÔNG NGHIỆP VIỆT NAM,709908031,keytiyua@gmail.com,Doanh nghiệp
KH-0516,CÔNG TY TNHH SD GLOBAL VIỆT NAM,829289250,4r1wj8f4@gmail.com,Tổ chức chính phủ
KH-0517,CÔNG TY TNHH TAKAHATA PRECISION VIỆT NAM,447100177,po6frg3w@gmail.com,Ngân hàng
KH-0518,CÔNG TY CỔ PHẦN SẢN XUẤT HÀNG THỂ THAO,746414702,8mcz867b@gmail.com,Ngân hàng
KH-0519,CÔNG TY TNHH SCANDINAVIAN DESIGN VIỆT NAM,507757417,e4g5l3m4@gmail.com,Khách hàng cá nhân
KH-0520,Công Ty TNHH Công Nghiệp Vĩnh Tường Miền Bắc Việt Nam,716738169,87ouvuao@gmail.com,Ngân hàng
KH-0521,CÔNG TY TNHH GIẢI PHÁP DG,150717992,z1o2f42z@gmail.com,Ngân hàng
KH-0522,CÔNG TY CỔ PHẦN SXKD XNK BÌNH THẠNH,154582790,auekbutj@gmail.com,Khách hàng cá nhân
KH-0523,CTY JFE ENGINEERING CORPORATION – NTC THCV THI CÔNG & HT CÁC HM LQ ĐẾN GT “CP-2: NM XỬ LÝ NƯỚC THẢI”,825955875,zyyibyzq@gmail.com,Khách hàng cá nhân
KH-0524,CÔNG TY CỔ PHẦN ĐẦU TƯ BẤT ĐỘNG SẢN SAIGONTEL,578574883,6e17rb48@gmail.com,Ngân hàng
KH-0525,Công Ty Cổ Phần Phát Triển Đô Thị Quốc Tế Việt Nam,907994784,ypeuzrn7@gmail.com,Khách hàng cá nhân
KH-0526,CÔNG TY TNHH DỆT VÀ NHUỘM HƯNG YÊN,534833058,5lslqtwl@gmail.com,Khách hàng cá nhân
KH-0527,TRUNG TÂM ĐÀO TẠO VÀ NÂNG CAO NĂNG LỰC PHỤ NỮ,643870634,ws0c4tdw@gmail.com,Khách hàng cá nhân
KH-0528,CÔNG TY CỔ PHẦN CÔNG NGHỆ OCG,448747499,uzu0yq7n@gmail.com,Tổ chức chính phủ
KH-0529,Công Ty Cổ Phần Nhiệt Điện Vũng Áng II (Vapco),245058656,37f0acgr@gmail.com,Ngân hàng
KH-0530,CÔNG TY TNHH TM&DV VĨNH CƯỜNG,161535418,zxsu93ty@gmail.com,Khách hàng cá nhân
KH-0531,CÔNG TY CỔ PHẦN THƯƠNG MẠI VÀ CÔNG NGHỆ HÀ VIỆT,149606201,abifpgo6@gmail.com,Khách hàng cá nhân
KH-0532,CONG TY TNHH MICHELLE,45739702,swf0z5qe@gmail.com,Tổ chức chính phủ
KH-0533,Công ty TNHH MT Hojgaard Việt Nam,378375925,0n5sw1b6@gmail.com,Tổ chức chính phủ
KH-0534,Công ty TNHH Technova,155218299,mj8pgpcu@gmail.com,Ngân hàng
KH-0535,CÔNG TY CỔ PHẦN DỊCH VỤ KỸ THUẬT MOBIFONE,928177661,yg4c5ds1@gmail.com,Doanh nghiệp
KH-0536,CÔNG TY CỔ PHẦN XÂY DỰNG VÀ THƯƠNG MẠI PHÚ QUANG HƯNG,109364048,1seqtdlr@gmail.com,Doanh nghiệp
KH-0537,CÔNG TY TNHH KHU CÔNG NGHIỆP THĂNG LONG VĨNH PHÚC,456945077,5sjk6rhn@gmail.com,Tổ chức chính phủ
KH-0538,CÔNG TY CỔ PHẦN THIẾT BỊ VÀ PHÁT TRIỂN CÔNG NGHỆ TRỌNG ĐIỂM,161227402,09h5x98a@gmail.com,Tổ chức chính phủ
KH-0539,CÔNG TY TNHH BUSINESS CONSULTANTS VIỆT NAM,946715163,8zx4h0i3@gmail.com,Ngân hàng
KH-0540,Công ty Cổ phần INNOTEK,72392217,movm7c5w@gmail.com,Khách hàng cá nhân
KH-0541,CÔNG TY CỔ PHẦN FPS VIỆT NAM,217946338,qy8revd6@gmail.com,Tổ chức chính phủ
KH-0542,CÔNG TY TNHH TƯ VẤN VÀ ĐẦU TƯ TIÊN PHONG QUỐC TẾ VIỆT NAM,135067475,dykstohv@gmail.com,Khách hàng cá nhân
KH-0543,CÔNG TY TNHH ENS FOAM,516654717,9f9g37nb@gmail.com,Tổ chức chính phủ
KH-0544,CÔNG TY TNHH INSPECTORIO VIỆT NAM,215291838,ukpt7ljv@gmail.com,Tổ chức chính phủ
KH-0545,CHI NHÁNH CÔNG TY CỔ PHẦN FOODY TẠI HÀ NỘI,825453069,s051bt54@gmail.com,Ngân hàng
KH-0546,CÔNG TY TNHH CÔNG NGHỆ THÔNG TIN VẠN LỘC,463116328,fqrmnb6k@gmail.com,Ngân hàng
KH-0547,CHI NHÁNH THÀNH PHỐ HỒ CHÍ MINH - CÔNG TY CỔ PHẦN VINATEX QUỐC TẾ,255984568,5jqr7drk@gmail.com,Ngân hàng
KH-0548,CÔNG TY TNHH TRUYỀN THÔNG VÀ QUẢNG CÁO THÀNH NAM,62655446,ym6v6o0m@gmail.com,Tổ chức chính phủ
KH-0549,CÔNG TY TRÁCH NHIỆM HỮU HẠN VÂN LONG,75018013,03yxx1rj@gmail.com,Ngân hàng
KH-0550,CÔNG TY TNHH TƯ VẤN COUTURE VIỆT NAM,850920639,cgfuixsy@gmail.com,Ngân hàng
KH-0551,CÔNG TY CỔ PHẦN NƯỚC GIẢI KHÁT SANEST KHÁNH HÒA,218653474,xh4yfj6c@gmail.com,Khách hàng cá nhân
KH-0552,CÔNG TY CỔ PHẦN ĐẠI ĐỒNG TIẾN,817789304,wab9pgsh@gmail.com,Tổ chức chính phủ
KH-0553,Công ty CP Truyền thông và Công nghệ A1,544471647,frgs142t@gmail.com,Khách hàng cá nhân
KH-0554,CÔNG TY TNHH KHU CÔNG NGHIỆP THĂNG LONG,773776913,1gh8fm70@gmail.com,Tổ chức chính phủ
KH-0555,CÔNG TY TNHH KỸ THUẬT VÀ THƯƠNG MẠI VIỆT Á,971196414,p3fhx3jd@gmail.com,Doanh nghiệp
KH-0556,CÔNG TY CỔ PHẦN CÔNG NGHỆ TAM PHÚ,800434628,goqor2si@gmail.com,Khách hàng cá nhân
KH-0557,Công ty TNHH Tư vấn Quản lý MCG,604825710,pdwbgnkv@gmail.com,Tổ chức chính phủ
KH-0558,CÔNG TY CỔ PHẦN ĐẦU TƯ VÀ CÔNG NGHỆ HC TOÀN CẦU,787762208,3cewrhwq@gmail.com,Ngân hàng
KH-0559,CÔNG TY CỔ PHẦN ĐẦU TƯ VÀ PHÁT TRIỂN HƯNG PHÁT,822701683,ikubh2sl@gmail.com,Khách hàng cá nhân
KH-0560,Công ty TNHH Thakral One,839574160,ec1dg6ia@gmail.com,Tổ chức chính phủ
KH-0561,Công ty TNHH Phần mềm CADCAM,181605054,2wzwl9r7@gmail.com,Ngân hàng
KH-0562,CN Công ty TNHH Nhà nước MTV Thương mại và XNK VIETTEL-Trung tâm phân phối,921383329,z1bbwyml@gmail.com,Khách hàng cá nhân
KH-0563,CÔNG TY TNHH EL DORADO VIỆT NAM,341516485,id4iqwlw@gmail.com,Tổ chức chính phủ
KH-0564,Công Ty TNHH Phần mềm Tin Học Điện Tử Tích Hợp,885687961,wypsz1lj@gmail.com,Ngân hàng
KH-0565,CÔNG TY CỔ PHẦN THẾ GIỚI SỐ TRẦN ANH,618315094,glcnofvz@gmail.com,Ngân hàng
KH-0566,Công ty Cổ phần Quảng cáo Mai Cát Tường,697678937,7x5m7jsr@gmail.com,Khách hàng cá nhân
KH-0567,CÔNG TY TNHH MỘT THÀNH VIÊN DỊCH VỤ DU LỊCH VIT HẠ LONG,334439062,wn2w95wg@gmail.com,Ngân hàng
KH-0568,Công ty TNHH Phân Phối SNB,783451494,2ayyoq0b@gmail.com,Ngân hàng
KH-0569,Chi Nhánh Công Ty TNHH Yen Of London,634639142,lx6k1oq9@gmail.com,Doanh nghiệp
KH-0570,Công ty TNHH BX Bunka Việt Nam,892060129,phocz7ye@gmail.com,Khách hàng cá nhân
KH-0571,CÔNG TY TNHH THIẾT BỊ KỸ THUẬT TUẤN THỊNH,520872073,ou0bnkxa@gmail.com,Ngân hàng
KH-0572,CÔNG TY TNHH CNC VINA,906945744,ieprcmu6@gmail.com,Ngân hàng
KH-0573,Công ty TNHH GoerTek Vina,940424022,dg0i5yux@gmail.com,Ngân hàng
KH-0574,CÔNG TY TNHH WELLBE VIỆT NAM,666234090,ufw2stgv@gmail.com,Ngân hàng
KH-0575,CÔNG TY TNHH YOON IL VIỆT NAM,132132681,cz1dsco9@gmail.com,Tổ chức chính phủ
KH-0576,TRUNG TÂM TƯ VẤN THIẾT KẾ VÀ XÂY DỰNG,459857035,am0lbdip@gmail.com,Ngân hàng
KH-0577,Viện Khoa Học và Kỹ Thuật Hạt Nhân,30874676,ic0qq9jx@gmail.com,Tổ chức chính phủ
KH-0578,CÔNG TY CỔ PHẦN TẬP ĐOÀN THÀNH CÔNG,461240859,shcl5b02@gmail.com,Tổ chức chính phủ
KH-0579,CÔNG TY TNHH VIỆT NAM TOYO DENSO,972963893,3yfudcw2@gmail.com,Tổ chức chính phủ
KH-0580,CÔNG TY TNHH THƯƠNG MẠI TRẦN HỒNG QUÂN,302308239,qtw0pqvm@gmail.com,Doanh nghiệp
KH-0581,CÔNG TY CỔ PHẦN KORIHOME VIỆT NAM,539989461,6t339573@gmail.com,Doanh nghiệp
KH-0582,NGÂN HÀNG NÔNG NGHIỆP VÀ PHÁT TRIỂN NÔNG THÔN VIỆT NAM - CHI NHÁNH HUYỆN XUÂN LỘC ĐỒNG NAI,757889093,v544e6fq@gmail.com,Khách hàng cá nhân
KH-0583,CÔNG TY TNHH MAZARS VIỆT NAM,224391858,1cpzw4e6@gmail.com,Khách hàng cá nhân
KH-0584,CÔNG TY CỔ PHẦN SẢN XUẤT KINH DOANH DƯỢC VÀ TRANG THIẾT BỊ Y TẾ VIỆT MỸ,344287068,p99v3sy7@gmail.com,Tổ chức chính phủ
KH-0585,Công ty TNHH Đầu Tư thương mại Dung Hòa,362858766,huqglkfa@gmail.com,Khách hàng cá nhân
KH-0586,CÔNG TY TNHH THƯƠNG MẠI DỊCH VỤ PHÁT TRIỂN HẢI TRUNG,197399898,n9vujj70@gmail.com,Ngân hàng
KH-0587,CÔNG TY CỔ PHẦN JIVC,323221610,82hkjqhx@gmail.com,Doanh nghiệp
KH-0588,CÔNG TY CỔ PHẦN THƯƠNG MẠI VÀ ĐẦU TƯ CÔNG NGHỆ ANH EM,126483290,dsti6n1a@gmail.com,Khách hàng cá nhân
KH-0589,CÔNG TY TNHH UTI VINA,923795431,jklspjun@gmail.com,Khách hàng cá nhân
KH-0590,Trường THPT Nguyễn Văn Linh,304225439,xlx2pw4f@gmail.com,Tổ chức chính phủ
KH-0591,CHI NHÁNH THÀNH PHỐ HỒ CHÍ MINH – CÔNG TY TNHH HASHIMA VIỆT NAM,501924933,dl5l6sjw@gmail.com,Tổ chức chính phủ
KH-0592,CÔNG TY CỔ PHẦN HẠ TẦNG ĐÔNG Á,349267767,rm8pekhg@gmail.com,Tổ chức chính phủ
KH-0593,Công Ty TNHH Hệ Thống Thông Tin Fpt,993073496,8efck47i@gmail.com,Khách hàng cá nhân
KH-0594,CÔNG TY CỔ PHẦN GIẢI PHÁP CÔNG NGHỆ VÀ TRUYỀN THÔNG VICTORY VIỆT NAM,241528825,3286bkw2@gmail.com,Ngân hàng
KH-0595,"Co-well Co., Ltd",580965340,zhtf5nq0@gmail.com,Khách hàng cá nhân
KH-0596,CÔNG TY TNHH HWATA VIỆT NAM,402620632,7l8xxqs3@gmail.com,Ngân hàng
KH-0597,CÔNG TY TNHH YOUNGJIN HI - TECH VINA,275854508,pnzcoykz@gmail.com,Khách hàng cá nhân
KH-0598,CÔNG TY PHẦN MỀM VNPT- CHI NHÁNH TỔNG CÔNG TY DỊCH VỤ VIỄN THÔNG,985232587,n0v3nt2o@gmail.com,Ngân hàng
KH-0599,Công ty TNHH thương mại và dịch vụ Thông Thiên,368334981,yaz1c6qy@gmail.com,Doanh nghiệp
KH-0600,Công Ty TNHH Thương Mại Công Nghệ Minh Thắng,428556847,cmxyus0r@gmail.com,Ngân hàng
KH-0601,Công ty TNHH May Nien Hsing Việt Nam,766030731,evkw0tvr@gmail.com,Ngân hàng
KH-0602,TRƯỜNG THPT VIỆT MỸ ANH,571303386,ffg4nd5f@gmail.com,Ngân hàng
KH-0603,Công ty TNHH thương mại dịch vụ An Đạt Thịnh,130848500,ya0yw538@gmail.com,Doanh nghiệp
KH-0604,CÔNG TY TNHH MTV ỨNG DỤNG CÔNG NGHỆ VÀ DỊCH VỤ TRUYỀN THÔNG ÂU LẠC,950879191,fkjew0k8@gmail.com,Ngân hàng
KH-0605,CÔNG TY CỔ PHẦN VĂN HÓA TÂN BÌNH,568762130,sf5do6kx@gmail.com,Doanh nghiệp
KH-0606,CÔNG TY TNHH THƯƠNG MẠI & DỊCH VỤ T.T.K,822167632,zbhdeitl@gmail.com,Ngân hàng
KH-0607,CÔNG TY CỔ PHẦN THỦY SẢN CÀ MAU,269780975,mdu9g5r3@gmail.com,Doanh nghiệp
KH-0608,CÔNG TY CỔ PHẦN ĐẦU TƯ XÂY DỰNG BẤT ĐỘNG SẢN LANMAK,219764073,wmdiyn22@gmail.com,Khách hàng cá nhân
KH-0609,Công ty TNHH Phát triển công nghệ và thương mại Gia Long,956528421,zq5rsng8@gmail.com,Tổ chức chính phủ
KH-0610,CÔNG TY CỐ PHẦN DỊCH VỤ MÁY TÍNH KỶ NGUYÊN,556352428,wqaj0hbl@gmail.com,Ngân hàng
KH-0611,Công Ty Cổ Phần Thực Phẩm Richy Miền Nam,272118317,3rz767zu@gmail.com,Tổ chức chính phủ
KH-0612,Công ty TNHH Thương Mại Tin Học Công Nghệ Zonotek,447079697,jusheh19@gmail.com,Doanh nghiệp
KH-0613,Công ty CP ĐT và PTCN Quốc gia ADG,231982403,doqjy1v5@gmail.com,Doanh nghiệp
KH-0614,CÔNG TY TNHH THƯƠNG MẠI VÀ DỊCH VỤ TIN HỌC HT VIỆT NAM,894805230,vhzvum34@gmail.com,Khách hàng cá nhân
KH-0615,Công ty TNHH Yokowo Việt Nam,668157563,bghnv080@gmail.com,Khách hàng cá nhân
KH-0616,CÔNG TY CỔ PHẦN VẬN TẢI BÌNH AN HÀ TIÊN,581612471,mx2euxv4@gmail.com,Tổ chức chính phủ
KH-0617,Công ty CP Máy Tính Hà Nội,117499448,ftproiw6@gmail.com,Ngân hàng
KH-0618,Công ty TNHH GTS Hải Đăng,779111043,4icn5v43@gmail.com,Doanh nghiệp
KH-0619,CÔNG TY TNHH DOOSUN VIỆT NAM,171959845,a8kd0ax5@gmail.com,Doanh nghiệp
KH-0620,CÔNG TY TNHH VIỆT NAM TOKAI,173687641,rvn0jy72@gmail.com,Ngân hàng
KH-0621,CÔNG TY NĂNG LƯỢNG MEKONG,335711245,krlv02ip@gmail.com,Khách hàng cá nhân
KH-0622,Công ty TNHH Thương mại Kỹ thuật Song Lợi,542980484,vqvkg7w7@gmail.com,Khách hàng cá nhân
KH-0623,CÔNG TY CỔ PHẦN BỀN,453501129,fl8rhv26@gmail.com,Khách hàng cá nhân
KH-0624,CÔNG TY TNHH BAGS CONNECTION VINA,866733670,xrn9oaea@gmail.com,Khách hàng cá nhân
KH-0625,Công ty TNHH Yudo Việt Nam,316490956,liayj1uw@gmail.com,Ngân hàng
KH-0626,CÔNG TY CỔ PHẦN NSTECH VIỆT NAM,96113323,32gwkwdc@gmail.com,Khách hàng cá nhân
KH-0627,CÔNG TY TNHH THƯƠNG MẠI VÀ DỊCH VỤ TRÂM QUỲNH,168683548,70hwjmh7@gmail.com,Khách hàng cá nhân
KH-0628,CÔNG TY TNHH MỘT THÀNH VIÊN THƯƠNG MẠI DỊCH VỤ TIN HỌC MẠNH TÚ,907320991,w4ruppfv@gmail.com,Tổ chức chính phủ
KH-0629,CÔNG TY TNHH GIẢI PHÁP VÀ DỊCH VỤ CAO CẤP,100544563,4zl5em91@gmail.com,Tổ chức chính phủ
KH-0630,CÔNG TY TNHH THƯƠNG MẠI LONG MỸ,995319717,bs8pb4hk@gmail.com,Tổ chức chính phủ
KH-0631,Công ty TNHH công nghệ xây dựng Đại Phong,833935445,bjl4cqqq@gmail.com,Ngân hàng
KH-0632,CÔNG TY TNHH MHI AEROSPACE VIỆT NAM,506906172,icns34ow@gmail.com,Khách hàng cá nhân
KH-0633,CÔNG TY TNHH FRESCO FOODS,641289647,9qvcxmw3@gmail.com,Khách hàng cá nhân
KH-0634,CÔNG TY VTC DỊCH VỤ TRUYỀN HÌNH SỐ,153237250,qg9r5ycp@gmail.com,Ngân hàng
KH-0635,Công Ty Kurihara Việt Nam,117811711,zs68kaz3@gmail.com,Doanh nghiệp
KH-0636,CÔNG TY TNHH KỸ THUẬT CHANGHONG (VIỆT NAM),933383011,xmezzvg9@gmail.com,Khách hàng cá nhân
KH-0637,Công Ty TNHH Một Thành Viên Đóng Tàu Hạ Long,698418895,697xqb8m@gmail.com,Khách hàng cá nhân
KH-0638,CÔNG TY CỔ PHẦN DELTA CROPCARE,1361463,zew4s1dv@gmail.com,Tổ chức chính phủ
KH-0639,Cửa Hàng Công Liên,415509977,gbyzngc5@gmail.com,Tổ chức chính phủ
KH-0640,CÔNG TY M&C ELECTRONICS VINA,961716946,7oe9du4o@gmail.com,Ngân hàng
KH-0641,CÔNG TY TNHH 1 TV DỊCH VỤ THƯƠNG MẠI PHÚC HOÀNG,45693565,i0sz7nd4@gmail.com,Doanh nghiệp
KH-0642,Công Ty TNHH QUảng Cáo B.M.C,525158071,43mpsnrk@gmail.com,Ngân hàng
KH-0643,CÔNG TY TNHH QUẢN LÝ CA,308895801,2f5de3ku@gmail.com,Tổ chức chính phủ
KH-0644,Công Ty CP Thiết Kế và Trang Trí Nội Thất Norah,244383434,lizm2yo9@gmail.com,Tổ chức chính phủ
KH-0645,Công Ty Cổ Phần Cơ Kim Khí Việt Mỹ,894270158,6lnxfoqe@gmail.com,Khách hàng cá nhân
KH-0646,CÔNG TY TNHH NIKKEN INTERNATIONAL ASIA,853561828,6pu2ghz0@gmail.com,Khách hàng cá nhân
KH-0647,CÔNG TY TNHH BROTEX (VIỆT NAM),781054307,q2lr9iji@gmail.com,Ngân hàng
KH-0648,Công ty TNHH Lockon Việt Nam,847042341,xhx3qazl@gmail.com,Doanh nghiệp
KH-0649,VPĐD THƯỜNG TRÚ HIỆP HỘI CÁC PHÒNG THƯƠNG MẠI & CÔNG NGHIỆP ĐỨC (DIHK) TẠI VIỆT NAM,556160869,xa6vd487@gmail.com,Ngân hàng
KH-0650,Công ty TNHH KISHIN Việt Nam,679564056,xhx9mzg7@gmail.com,Khách hàng cá nhân
KH-0651,Công Ty TNHH Công Nghệ Kinh Doanh Quốc Tế,500317321,sg9b6ehh@gmail.com,Khách hàng cá nhân
KH-0652,CÔNG TY TNHH CO-WELL CHÂU Á,448690556,4xcyyila@gmail.com,Khách hàng cá nhân
KH-0653,Công Ty Cổ Phần BlueCom Việt Nam,424178212,i2unlaei@gmail.com,Khách hàng cá nhân
KH-0654,Công ty Cổ phần Tân Cảng Bến Thành,929380121,1hpe5vbd@gmail.com,Khách hàng cá nhân
KH-0655,Công ty TNHH NISHIO Rent All Việt Nam,136609350,pbu0pdcz@gmail.com,Khách hàng cá nhân
KH-0656,CÔNG TY TNHH TÂN HỒNG HÀ,149527808,td9leysa@gmail.com,Ngân hàng
KH-0657,CÔNG TY TNHH NS TECH.VINA,180969670,52bjenqz@gmail.com,Tổ chức chính phủ
KH-0658,CÔNG TY CỔ PHẦN TƯ VẤN XÂY DỰNG ĐIỆN 4,412556021,mpexdyag@gmail.com,Khách hàng cá nhân
KH-0659,VPĐD TT HIỆP HỘI CÁC PHÒNG THƯƠNG MẠI & CÔNG  NGHIỆP ĐỨC (DIHK) TẠI TP. HỒ CHÍ MINH,937916891,9naou5ef@gmail.com,Ngân hàng
KH-0660,Công Ty TNHH Mizuho Precision Việt Nam,190190511,hzx9ffri@gmail.com,Ngân hàng
KH-0661,TRUNG TÂM TƯ VẤN XÂY DỰNG CÔNG NGHIỆP VÀ HẠ TẦNG,996148597,s4l53lbf@gmail.com,Doanh nghiệp
KH-0662,Công ty TNHH Maxpeed Hà Nội,123046685,z6nvjr7s@gmail.com,Ngân hàng
KH-0663,Đài Phát thanh - Truyền hình Hải Dương,49395293,pr2atcvt@gmail.com,Doanh nghiệp
KH-0664,CÔNG TY TNHH RICHARD MOORE ASSOCIATES,766704644,10gzvt9v@gmail.com,Tổ chức chính phủ
KH-0665,CÔNG TY TNHH GIẤY  KRAFT VINA,348078506,0n98l99n@gmail.com,Tổ chức chính phủ
KH-0666,CÔNG TY TNHH WURTH VIỆT NAM,809022637,rrdj0an1@gmail.com,Khách hàng cá nhân
KH-0667,CÔNG TY CỔ PHẦN DỊCH VỤ KỸ THUẬT VIỄN THÔNG,499500559,rl5xsjhh@gmail.com,Khách hàng cá nhân
KH-0668,Công ty TNHH Kotiti Việt Nam,507412666,p1u29ac7@gmail.com,Khách hàng cá nhân
KH-0669,Công ty Cổ phần Đầu tư Kỹ thuật Berjaya Gia Thịnh,109931526,5itiqk63@gmail.com,Doanh nghiệp
KH-0670,CÔNG TY TNHH PROPERWELL VIỆT NAM,78450706,b836ov1g@gmail.com,Doanh nghiệp
KH-0671,TRUNG TÂM PHÒNG CHỐNG HIV/AIDS TỈNH KIÊN GIANG,116949059,dx9pzkm8@gmail.com,Khách hàng cá nhân
KH-0672,CÔNG TY TNHH NIPPON PAINT VĨNH PHÚC,593373516,73f31gto@gmail.com,Ngân hàng
KH-0673,CÔNG TY TNHH TƯ VẤN ĐẦU TƯ & XÂY DỰNG A.E,607360353,h0qnl335@gmail.com,Khách hàng cá nhân
KH-0674,CÔNG TY TNHH GENSOFT VINA,577431527,h3jvm36q@gmail.com,Tổ chức chính phủ
KH-0675,CÔNG TY TNHH THƯƠNG MẠI VÀ XÂY LẮP HÀ NGUYÊN,586379709,sh5i3xku@gmail.com,Doanh nghiệp
KH-0676,CÔNG TY TNHH DỊCH VỤ BẢO DƯỠNG MÁY BAY CẢNG HÀNG KHÔNG MIỀN NAM,3248962,h9oiwxsq@gmail.com,Tổ chức chính phủ
KH-0677,VĂN PHÒNG ĐẠI DIỆN CÔNG TY VIETNAM HOLDING ASSET MANAGEMENT LTD. TẠI THÀNH PHỐ HỒ CHÍ MINH,715080302,hsjoat00@gmail.com,Khách hàng cá nhân
KH-0678,CÔNG TY CỔ PHẦN PHÁT TRIỂN NHÀ G HOMES,301279596,3h03pmfl@gmail.com,Doanh nghiệp
KH-0679,CÔNG TY TNHH OGILVYONE VIỆT NAM,169490428,8ky96ap3@gmail.com,Ngân hàng
KH-0680,"CÔNG TY TNHH VẬN CHUYỂN ""K"" LINE (VIỆT NAM)",830135884,4k2kn7lr@gmail.com,Doanh nghiệp
KH-0681,CÔNG TY TNHH ĐÔNG A,279794774,abqymdgh@gmail.com,Doanh nghiệp
KH-0682,CÔNG TY CỔ PHẦN ĐẦU TƯ XÂY DỰNG VÀ THƯƠNG MẠI TIẾN MINH,233493217,eg21odsc@gmail.com,Tổ chức chính phủ
KH-0683,Công Ty Cổ Phần Thương Mại Phân Phối Các Sản Phẩm Điện Tử Tin Học,283288184,t03eh9nd@gmail.com,Doanh nghiệp
KH-0684,CHI NHÁNH CÔNG TY TNHH THƯƠNG MẠI TRẦN HỒNG QUÂN - TÒA THÁP KHÁCH SẠN,63352618,ta21syvw@gmail.com,Doanh nghiệp
KH-0685,CÔNG TY CỔ PHẦN THƯƠNG MẠI & PHÁT TRIỂN CÔNG NGHỆ HƯNG THIỆN,238644679,rmg9fnii@gmail.com,Khách hàng cá nhân
KH-0686,CÔNG TY TNHH VÕ TRỌNG NGHĨA,604282984,gb0ny6li@gmail.com,Ngân hàng
KH-0687,CÔNG TY CỔ PHẦN IDC ĐÔNG DƯƠNG,477778063,ctearbo2@gmail.com,Doanh nghiệp
KH-0688,CÔNG TY CỔ PHẦN THỂ THAO NGÔI SAO GERU,219574790,aveysmyv@gmail.com,Tổ chức chính phủ
KH-0689,CÔNG TY TNHH HANSOL CNP VINA,235599665,82zwl2ag@gmail.com,Khách hàng cá nhân
KH-0690,Công ty Cổ phần Công nghệ ELITE,17075235,uj2ovbv6@gmail.com,Doanh nghiệp
KH-0691,CÔNG TY TNHH WILLER VIỆT NAM,107579425,dep1axjp@gmail.com,Khách hàng cá nhân
KH-0692,TRUNG TÂM TRUYỀN THÔNG - TRUYỀN HÌNH CÔNG THƯƠNG,825159092,t5nbuxqn@gmail.com,Khách hàng cá nhân
KH-0693,Công Ty TNHH Tin Học và Thương Mại Chân Chính,993599787,zc03z4mt@gmail.com,Doanh nghiệp
KH-0694,CÔNG TY TNHH JULIE SANDLAU VIỆT NAM,467134986,5xt7gxyu@gmail.com,Khách hàng cá nhân
KH-0695,CÔNG TY TNHH MÁY TÍNH LONG NGUYỄN,241307318,p6w76eso@gmail.com,Ngân hàng
KH-0696,CÔNG TY TNHH THƯƠNG MẠI SẢN XUẤT ĐỒ DÙNG GIA ĐÌNH VIỆT NAM,329056129,z8bpzrzb@gmail.com,Khách hàng cá nhân
KH-0697,CÔNG TY TNHH NHẤT NHẤT,276881911,b69gngym@gmail.com,Ngân hàng
KH-0698,CÔNG TY TNHH HỒNG VẬN,934038568,haopa6uw@gmail.com,Doanh nghiệp
KH-0699,Công Ty Mua Bán Điện,349381450,rf5hnya7@gmail.com,Ngân hàng
KH-0700,CÔNG TY TNHH VIỄN TÍN VINH,341161678,hpfida6r@gmail.com,Ngân hàng
KH-0701,CÔNG TY TNHH SI FLEX VIỆT NAM,638742959,s8dnyjbv@gmail.com,Doanh nghiệp
KH-0702,CÔNG TY CỔ PHẦN XNK VÀ ĐẦU TƯ THỪA THIÊN HUẾ,39205,ln4bj5s1@gmail.com,Ngân hàng
KH-0703,CÔNG TY CỔ PHẦN LÚA VÀNG,115507499,d4vdpi3f@gmail.com,Doanh nghiệp
KH-0704,CÔNG TY CP BAO BÌ VÀ IN NÔNG NGHIỆP,976660257,71bisi8v@gmail.com,Khách hàng cá nhân
KH-0705,CÔNG TY CỔ PHẦN GIÓ NHẸ MIỀN NAM,504305276,gmbr76ws@gmail.com,Doanh nghiệp
KH-0706,CÔNG TY TNHH YUSEN LOGISTICS (VIỆT NAM),559348072,9f5g7yin@gmail.com,Tổ chức chính phủ
KH-0707,CÔNG TY CỔ PHẦN CORESOFT,456610280,3e1nta8j@gmail.com,Tổ chức chính phủ
KH-0708,ECODIT LLC – Dự án Trường Sơn Xanh do USAID tài trợ,953499192,yuwmtrej@gmail.com,Doanh nghiệp
KH-0709,CÔNG TY TNHH ĐIỆN LẠNH MIỀN TÂY,465546564,8b6o6vep@gmail.com,Doanh nghiệp
KH-0710,Công ty TNHH BIP Systems Việt Nam,273319671,elzfdczw@gmail.com,Khách hàng cá nhân
KH-0711,CÔNG TY CỔ PHẦN PHẦN MỀM CITIGO,876322857,27u9f85m@gmail.com,Ngân hàng
KH-0712,CÔNG TY TNHH SEEC VIỆT NAM,615514179,4fvhipql@gmail.com,Doanh nghiệp
KH-0713,CÔNG TY CỔ PHẦN XI MĂNG HỆ DƯỠNG,553115259,to0ofj5t@gmail.com,Tổ chức chính phủ
KH-0714,Công ty  TNHH Một Thành Viên Công nghệ Phúc Sơn,30993575,9gurzy8p@gmail.com,Ngân hàng
KH-0715,CÔNG TY TNHH YAMATO LOGISTICS VIỆT NAM - CHI NHÁNH THÀNH PHỐ HỒ CHÍ MINH,495845158,02axsvyo@gmail.com,Tổ chức chính phủ
KH-0716,CHI NHÁNH THỦ ĐỨC - CÔNG TY CỔ PHẦN I.P.L,532787816,ns272t91@gmail.com,Doanh nghiệp
KH-0717,CÔNG TY TNHH THẾ GIỚI KIM CƯƠNG,805782091,f56g5i3z@gmail.com,Tổ chức chính phủ
KH-0718,CÔNG TY CỔ PHẦN FUJIWINDOWS,965994374,a9bxepay@gmail.com,Doanh nghiệp
KH-0719,CÔNG TY TNHH NHÓM MÂY,308922815,bnymhnnj@gmail.com,Tổ chức chính phủ
KH-0720,CÔNG TY TNHH DỊCH VỤ VÀ THƯƠNG MẠI THÁI TRÍ,766272525,2o5v0tgo@gmail.com,Khách hàng cá nhân
KH-0721,CÔNG TY TNHH ESPRINTA (VIỆT NAM),224168938,1phejbqx@gmail.com,Tổ chức chính phủ
KH-0722,CÔNG TY TNHH NESSCO VIỆT NAM,996726940,gl06sh9u@gmail.com,Doanh nghiệp
KH-0723,CÔNG TY TRÁCH NHIỆM HỮU HẠN CÔNG NGHỆ KIẾN HÂN,58100941,dlsm7wgw@gmail.com,Tổ chức chính phủ
KH-0724,CÔNG TY TNHH HSIEHS BIOTECH,81435848,cjw14a0f@gmail.com,Tổ chức chính phủ
KH-0725,CÔNG TY TNHH OLMIX ASIALAND VIỆT NAM,339950382,yhp6l3ho@gmail.com,Khách hàng cá nhân
KH-0726,CÔNG TY CỔ PHẦN TÍCH HỢP HỆ THỐNG NAM TRƯỜNG SƠN,526457047,zhr45s1x@gmail.com,Khách hàng cá nhân
KH-0727,CÔNG TY TNHH YAKJIN INTERTEX,665194250,jyv5xgtv@gmail.com,Khách hàng cá nhân
KH-0728,CÔNG TY TNHH ĐÀO TẠO VÀ TÍCH HỢP CÔNG NGHỆ E-TECK,482988240,oyfeqbzi@gmail.com,Tổ chức chính phủ
KH-0729,CÔNG TY TNHH TM DV KỸ THUẬT VIỄN THÔNG TOÀN CẦU,58991568,hdff699n@gmail.com,Khách hàng cá nhân
KH-0730,CÔNG TY TNHH 1C VIỆT NAM,656640990,je38zp92@gmail.com,Khách hàng cá nhân
KH-0731,CÔNG TY CỔ PHẦN ĐẦU TƯ VÀ CÔNG NGHỆ VIỆT TIẾN,601299526,i4ui6z24@gmail.com,Doanh nghiệp
KH-0732,CÔNG TY CỔ PHẦN CARBON VIỆT NAM,422224741,cayycqcp@gmail.com,Ngân hàng
KH-0733,CÔNG TY TNHH MỘT THÀNH VIÊN MAY MẶC VIỆT PACIFIC,583516553,il8k5p95@gmail.com,Khách hàng cá nhân
KH-0734,CÔNG TY TNHH SL INTERNATIONAL,713280112,v3e12mki@gmail.com,Doanh nghiệp
KH-0735,CÔNG TY CỔ PHẦN KỸ THUẬT VÀ THƯƠNG MẠI H.T.G,823757093,q2rc4haf@gmail.com,Tổ chức chính phủ
KH-0736,CÔNG TY TNHH MTV I.M.LINK VIỆT NAM,641481227,86t5a4a9@gmail.com,Tổ chức chính phủ
KH-0737,CÔNG TY CỔ PHẦN DƯỢC PHẨM PHA NO,725040877,631xrr52@gmail.com,Ngân hàng
KH-0738,CÔNG TY TNHH ANH TIN,206121377,wqyflraq@gmail.com,Doanh nghiệp
KH-0739,"VĂN PHÒNG ĐẠI DIỆN PAN-PACIFIC CO.,LTD TẠI THÀNH PHỐ HỒ CHÍ MINH",351431850,o7vj1dht@gmail.com,Doanh nghiệp
KH-0740,CÔNG TY TNHH MỘT THÀNH VIÊN ĐẦU TƯ DHA,779126878,trmnq3aj@gmail.com,Doanh nghiệp
KH-0741,CÔNG TY TNHH TƯ VẤN INNOVATURE,844328479,sri993og@gmail.com,Tổ chức chính phủ
KH-0742,CÔNG TY TNHH ĐIỆN TỬ TT,464068930,rs8av467@gmail.com,Khách hàng cá nhân
KH-0743,TRUNG TÂM ĐIỀU ĐỘ HỆ THỐNG ĐIỆN MIỀN TRUNG,600330477,7a4ox6tm@gmail.com,Ngân hàng
KH-0744,Công ty CP Đường Quảng Ngãi,507599816,ot2xb9n6@gmail.com,Doanh nghiệp
KH-0745,Công Ty TNHH Công Nghệ Polaris Đà Nẵng,630850873,7872m8k8@gmail.com,Tổ chức chính phủ
KH-0746,Công ty Taisei NB - TC gói thầu CP-1A PTR CSHT chính của DA PT CSHT KCN cao Hòa Lạc tại TPHN,945203538,ch1b4sys@gmail.com,Doanh nghiệp
KH-0747,CÔNG TY CỔ PHẦN ĐẦU TƯ VÀ CÔNG NGHỆ IDOCNET,217152468,kwtcz4iv@gmail.com,Tổ chức chính phủ
KH-0748,CÔNG TY TNHH TÍCH HỢP HỆ THỐNG CMC,628089941,rutvy6bl@gmail.com,Khách hàng cá nhân
KH-0749,CÔNG TY CỔ PHẦN KAROFI VIỆT NAM,48697972,sd1cj7vz@gmail.com,Doanh nghiệp
KH-0750,CÔNG TY CỔ PHẦN THƯƠNG MẠI VÀ XÂY DỰNG CÔNG NGHỆ XANH,778779877,5h36782y@gmail.com,Doanh nghiệp
KH-0751,CÔNG TY CỔ PHẦN ĐIỆN LỰC TRUNG SƠN,163528329,nshi37l7@gmail.com,Khách hàng cá nhân
KH-0752,CÔNG TY TNHH MỘT THÀNH VIÊN ĐẦU TƯ VÀ THƯƠNG MẠI THE GARDEN,208666228,y4ffyen6@gmail.com,Tổ chức chính phủ
KH-0753,Công ty TNHH quốc tế liên doanh VINACONEX-TAISEI (VINATA),291378787,7t46p66k@gmail.com,Khách hàng cá nhân
KH-0754,Công Ty Cổ Phần Odin Việt Nam,925794177,7ufgde3k@gmail.com,Khách hàng cá nhân
KH-0755,CÔNG TY TNHH KHÔNG GIAN MỚI,220253518,egp1jsp3@gmail.com,Khách hàng cá nhân
KH-0756,CÔNG TY CỔ PHẦN MĨ THUẬT VÀ TRUYỀN THÔNG,554408404,p66bgudd@gmail.com,Tổ chức chính phủ
KH-0757,Công Ty Cổ Phần Máy Tính Sài Gòn,399571010,gc108n0m@gmail.com,Tổ chức chính phủ
KH-0758,Công Ty TNHH Westfield Việt Nam,595144077,04cth9kb@gmail.com,Doanh nghiệp
KH-0759,Công ty TNHH Nam Of LonDon,882459388,74pp68o9@gmail.com,Khách hàng cá nhân
KH-0760,Văn phòng đại diện New World Fashion Group tại Hải Phòng,515719380,7n8t4777@gmail.com,Tổ chức chính phủ
KH-0761,Công ty Quốc tế TNHH Đông Tài Việt Nam,27503148,6oscw42m@gmail.com,Tổ chức chính phủ
KH-0762,CÔNG TY TNHH DIMENSION DATA VIỆT NAM,941919561,ui8uxfwx@gmail.com,Khách hàng cá nhân
KH-0763,Công ty TNHH Du Lịch Nghỉ Dưỡng Sinh Thái Mai Châu,121743243,ufghe9vg@gmail.com,Khách hàng cá nhân
KH-0764,Công ty TNHH Matsuo Industries Việt Nam,589185995,tf9ccf04@gmail.com,Khách hàng cá nhân
KH-0765,Công ty TNHH HEYUM Vina,778426534,bmynseav@gmail.com,Khách hàng cá nhân
KH-0766,Công ty TNHH Kỹ thuật và Thương mại KT,199763987,uacsftb3@gmail.com,Doanh nghiệp
KH-0767,Công ty TNHH Yokohama Tyre Việt Nam,898458497,utfrldyp@gmail.com,Tổ chức chính phủ
KH-0768,CÔNG TY TNHH TIẾP VẬN THĂNG LONG – CHI NHÁNH HƯNG YÊN,371831085,a548kbul@gmail.com,Khách hàng cá nhân
KH-0769,Công ty TNHH Miền Á Đông,866149024,yjeacefx@gmail.com,Ngân hàng
KH-0770,CÔNG TY TNHH TÍCH HỢP HỆ THỐNG ITECH,584477277,0iak0nxn@gmail.com,Doanh nghiệp
KH-0771,CÔNG TY TNHH ỨNG DỤNG HỆ THỐNG THỊNH VƯỢNG,715821668,9k89kbl7@gmail.com,Ngân hàng
KH-0772,CHI NHÁNH CÔNG TY TNHH TIẾP VẬN THĂNG LONG TẠI HẢI PHÒNG,376449349,w6ay9jof@gmail.com,Khách hàng cá nhân
KH-0773,Công ty TNHH e-Litecom Vina,6042685,xaijsrj9@gmail.com,Doanh nghiệp
KH-0774,CÔNG TY CỔ PHẦN THÔNG TIN TÍN DỤNG VIỆT NAM,270553641,dxk9c5k1@gmail.com,Khách hàng cá nhân
KH-0775,Công Ty Cổ Phần Năng Lượng Vĩnh Tân 3,613550359,0lwzt3ct@gmail.com,Tổ chức chính phủ
KH-0776,CÔNG TY TNHH NANO HIGHTECH VIỆT NAM,158643742,aeoebhcd@gmail.com,Ngân hàng
KH-0777,CÔNG TY CỔ PHẦN THIẾT BỊ TÂN PHÁT,503498772,vnsx06qp@gmail.com,Tổ chức chính phủ
KH-0778,CÔNG TY TNHH CÔNG NGHIỆP HÀ YẾN SGN,372408558,6eqkzage@gmail.com,Doanh nghiệp
KH-0779,CÔNG TY CỔ PHẦN SOYA GARDEN,424119985,ktgdqlbt@gmail.com,Ngân hàng
KH-0780,CÔNG TY TNHH NGÔI NHÀ SÁNG TẠO,362595305,livimpmf@gmail.com,Doanh nghiệp
KH-0781,Công ty TNHH Thương Mại Dịch Vụ Việt Ý,7090517,ibh6rksh@gmail.com,Tổ chức chính phủ
KH-0782,Công ty Cổ phần Tin học Lạc Việt,958122474,ikv4hx5w@gmail.com,Tổ chức chính phủ
KH-0783,CHI NHÁNH CÔNG TY TNHH DỊCH VỤ TIN HỌC FPT TẠI MIỀN TRUNG,457207627,zoscdj8u@gmail.com,Ngân hàng
KH-0784,CÔNG TY TNHH LUNA NEXUS VN INC,557439789,grcvhcfa@gmail.com,Khách hàng cá nhân
KH-0785,CÔNG TY TNHH VNEXUS CAPITAL ADVISORS,571110497,6c20ql3r@gmail.com,Doanh nghiệp
KH-0786,CÔNG TY CỔ PHẦN DỊCH VỤ HÀNG HOÁ HÀNG KHÔNG VIỆT NAM,868029785,640utl1o@gmail.com,Ngân hàng
